step,equity
0,10000.0
1,10000.0
2,10000.0
3,10000.0
4,10000.0
5,10000.0
6,10000.0
7,10000.0
8,10000.0
9,10000.0
10,10000.0
11,10000.0
12,10000.0
13,10000.0
14,10000.0
15,10000.0
16,10000.0
17,10000.0
18,10000.0
19,10000.0
20,10000.0
21,10000.0
22,10000.0
23,10000.0
24,10000.0
25,10000.0
26,10000.0
27,10000.0
28,10000.0
29,10000.0
30,10000.0
31,10000.0
32,10000.0
33,10000.0
34,10000.0
35,10000.0
36,10000.0
37,10000.0
38,10000.0
39,10000.0
40,10000.0
41,10000.0
42,10000.0
43,10000.0
44,10000.0
45,10000.0
46,10000.0
47,10000.0
48,10000.0
49,10000.0
50,10000.0
51,10000.0
52,10000.0
53,10000.0
54,10000.0
55,10000.0
56,10000.0
57,10000.0
58,10000.0
59,10000.0
60,10000.0
61,10000.0
62,10000.0
63,10000.0
64,10000.0
65,10000.0
66,10000.0
67,10000.0
68,10000.0
69,10000.0
70,10000.0
71,10000.0
72,10000.0
73,10000.0
74,10000.0
75,10000.0
76,10000.0
77,10000.0
78,10000.0
79,10000.0
80,10000.0
81,10000.0
82,10000.0
83,10000.0
84,10000.0
85,10000.0
86,10000.0
87,10000.0
88,10000.0
89,10000.0
90,10000.0
91,10000.0
92,10000.0
93,10000.0
94,10000.0
95,10000.0
96,10000.0
97,10000.0
98,10000.0
99,10000.0
100,10000.0
101,10000.0
102,10000.0
103,10000.0
104,10000.0
105,10000.0
106,10000.0
107,10000.0
108,10000.0
109,10000.0
110,10000.0
111,10000.0
112,10000.0
113,10000.0
114,10000.0
115,10000.0
116,10000.0
117,10000.0
118,10000.0
119,10000.0
120,10000.0
121,10000.0
122,10000.0
123,10000.0
124,10000.0
125,10000.0
126,10000.0
127,10000.0
128,10000.0
129,10000.0
130,10000.0
131,10000.0
132,10000.0
133,10000.0
134,10000.0
135,10000.0
136,10000.0
137,10000.0
138,10000.0
139,10000.0
140,10000.0
141,10000.0
142,10000.0
143,10000.0
144,10000.0
145,10000.0
146,10000.0
147,10000.0
148,10000.0
149,10000.0
150,10000.0
151,10000.0
152,10000.0
153,10000.0
154,10000.0
155,10000.0
156,10000.0
157,10000.0
158,10000.0
159,10000.0
160,10000.0
161,10000.0
162,10000.0
163,10000.0
164,10000.0
165,10000.0
166,10000.0
167,10000.0
168,10000.0
169,10000.0
170,10000.0
171,10000.0
172,10000.0
173,10000.0
174,10000.0
175,10000.0
176,10000.0
177,10000.0
178,10000.0
179,10000.0
180,10000.0
181,10000.0
182,10000.0
183,10000.0
184,10000.0
185,10000.0
186,10000.0
187,10000.0
188,10000.0
189,10000.0
190,10000.0
191,10000.0
192,10000.0
193,10000.0
194,10000.0
195,10000.0
196,10000.0
197,10000.0
198,10000.0
199,10000.0
200,10000.0
201,10000.0
202,10000.0
203,10000.0
204,10000.0
205,10000.0
206,10000.0
207,10000.0
208,10000.0
209,10000.0
210,10000.0
211,10000.0
212,10000.0
213,10000.0
214,10000.0
215,10000.0
216,10000.0
217,10000.0
218,10000.0
219,10000.0
220,10000.0
221,10000.0
222,10000.0
223,10000.0
224,10000.0
225,10000.0
226,10000.0
227,10000.0
228,10000.0
229,10000.0
230,10000.0
231,10000.0
232,10000.0
233,10000.0
234,10000.0
235,10000.0
236,10000.0
237,10000.0
238,10000.0
239,10000.0
240,10000.0
241,10000.0
242,10000.0
243,10000.0
244,10000.0
245,10000.0
246,10000.0
247,10000.0
248,10000.0
249,10000.0
250,10000.0
251,10000.0
252,10000.0
253,10000.0
254,10000.0
255,10000.0
256,10000.0
257,10000.0
258,10000.0
259,10000.0
260,10000.0
261,10000.0
262,10000.0
263,10000.0
264,10000.0
265,10000.0
266,10000.0
267,10000.0
268,10000.0
269,10000.0
270,10000.0
271,10000.0
272,10000.0
273,10000.0
274,10000.0
275,10000.0
276,10000.0
277,10000.0
278,10000.0
279,10000.0
280,10000.0
281,10000.0
282,10000.0
283,10000.0
284,10000.0
285,10000.0
286,10000.0
287,10000.0
288,10000.0
289,10000.0
290,10000.0
291,10000.0
292,10000.0
293,10000.0
294,10000.0
295,10000.0
296,10000.0
297,10000.0
298,10000.0
299,10000.0
300,10000.0
301,10000.0
302,10000.0
303,10000.0
304,10000.0
305,10000.0
306,10000.0
307,10000.0
308,10000.0
309,10000.0
310,10000.0
311,10000.0
312,10000.0
313,10000.0
314,10000.0
315,10000.0
316,10000.0
317,10000.0
318,10000.0
319,10000.0
320,10000.0
321,10000.0
322,10000.0
323,10000.0
324,10000.0
325,10000.0
326,10000.0
327,10000.0
328,10000.0
329,10000.0
330,10000.0
331,10000.0
332,10000.0
333,10000.0
334,10000.0
335,10000.0
336,10000.0
337,10000.0
338,10000.0
339,10000.0
340,10000.0
341,10000.0
342,10000.0
343,10000.0
344,10000.0
345,10000.0
346,10000.0
347,10000.0
348,10000.0
349,10000.0
350,10000.0
351,10000.0
352,10000.0
353,10000.0
354,10000.0
355,10000.0
356,10000.0
357,10000.0
358,10000.0
359,10000.0
360,10000.0
361,10000.0
362,10000.0
363,10000.0
364,10000.0
365,10000.0
366,10000.0
367,10000.0
368,10000.0
369,10000.0
370,10000.0
371,10000.0
372,10000.0
373,10000.0
374,10000.0
375,10000.0
376,10000.0
377,10000.0
378,10000.0
379,10000.0
380,10000.0
381,10000.0
382,10000.0
383,10000.0
384,10000.0
385,10000.0
386,10000.0
387,10000.0
388,10000.0
389,10000.0
390,10000.0
391,10000.0
392,10000.0
393,10000.0
394,10000.0
395,10000.0
396,10000.0
397,10000.0
398,10000.0
399,10000.0
400,10000.0
401,10000.0
402,10000.0
403,10000.0
404,10000.0
405,10000.0
406,10000.0
407,10000.0
408,10000.0
409,10000.0
410,10000.0
411,10000.0
412,10000.0
413,10000.0
414,10000.0
415,10000.0
416,10000.0
417,10000.0
418,10000.0
419,10000.0
420,10000.0
421,10000.0
422,10000.0
423,10000.0
424,10000.0
425,10000.0
426,10000.0
427,10000.0
428,10000.0
429,10000.0
430,10000.0
431,10000.0
432,10000.0
433,10000.0
434,10000.0
435,10000.0
436,10000.0
437,10000.0
438,10000.0
439,10000.0
440,10000.0
441,10000.0
442,10000.0
443,10000.0
444,10000.0
445,10000.0
446,10000.0
447,10000.0
448,10000.0
449,10000.0
450,10000.0
451,10000.0
452,10000.0
453,10000.0
454,10000.0
455,10000.0
456,10000.0
457,10000.0
458,10000.0
459,10000.0
460,10000.0
461,10000.0
462,10000.0
463,10000.0
464,10000.0
465,10000.0
466,10000.0
467,10000.0
468,10000.0
469,10000.0
470,10000.0
471,10000.0
472,10000.0
473,10000.0
474,10000.0
475,10000.0
476,10000.0
477,10000.0
478,10000.0
479,10000.0
480,10000.0
481,10000.0
482,10000.0
483,10000.0
484,10000.0
485,10000.0
486,10000.0
487,10000.0
488,10000.0
489,10000.0
490,10000.0
491,10000.0
492,10000.0
493,10000.0
494,10000.0
495,10000.0
496,10000.0
497,10000.0
498,10000.0
499,10000.0
500,10000.0
501,10000.0
502,10000.0
503,10000.0
504,10000.0
505,10000.0
506,10000.0
507,10000.0
508,10000.0
509,10000.0
510,10000.0
511,10000.0
512,10000.0
513,10000.0
514,10000.0
515,10000.0
516,10000.0
517,10000.0
518,10000.0
519,10000.0
520,10000.0
521,10000.0
522,10000.0
523,10000.0
524,10000.0
525,10000.0
526,10000.0
527,10000.0
528,10000.0
529,10000.0
530,10000.0
531,10000.0
532,10000.0
533,10000.0
534,10000.0
535,10000.0
536,10000.0
537,10000.0
538,10000.0
539,10000.0
540,10000.0
541,10000.0
542,10000.0
543,10000.0
544,10000.0
545,10000.0
546,10000.0
547,10000.0
548,10000.0
549,10000.0
550,10000.0
551,10000.0
552,10000.0
553,10000.0
554,10000.0
555,10000.0
556,10000.0
557,10000.0
558,10000.0
559,10000.0
560,10000.0
561,10000.0
562,10000.0
563,10000.0
564,10000.0
565,10000.0
566,10000.0
567,10000.0
568,10000.0
569,10000.0
570,10000.0
571,10000.0
572,10000.0
573,10000.0
574,10000.0
575,10000.0
576,10000.0
577,10000.0
578,10000.0
579,10000.0
580,10000.0
581,10000.0
582,10000.0
583,10000.0
584,10000.0
585,10000.0
586,10000.0
587,10000.0
588,10000.0
589,10000.0
590,10000.0
591,10000.0
592,10000.0
593,10000.0
594,10000.0
595,10000.0
596,10000.0
597,10000.0
598,10000.0
599,10000.0
600,10000.0
601,10000.0
602,10000.0
603,10000.0
604,10000.0
605,10000.0
606,10000.0
607,10000.0
608,10000.0
609,10000.0
610,10000.0
611,10000.0
612,10000.0
613,10000.0
614,10000.0
615,10000.0
616,10000.0
617,10000.0
618,10000.0
619,10000.0
620,10000.0
621,10000.0
622,10000.0
623,10000.0
624,10000.0
625,10000.0
626,10000.0
627,10000.0
628,10000.0
629,10000.0
630,10000.0
631,10000.0
632,10000.0
633,10000.0
634,10000.0
635,10000.0
636,10000.0
637,10000.0
638,10000.0
639,10000.0
640,10000.0
641,10000.0
642,10000.0
643,10000.0
644,10000.0
645,10000.0
646,10000.0
647,10000.0
648,10000.0
649,10000.0
650,10000.0
651,10000.0
652,10000.0
653,10000.0
654,10000.0
655,10000.0
656,10000.0
657,10000.0
658,10000.0
659,10000.0
660,10000.0
661,10000.0
662,10000.0
663,10000.0
664,10000.0
665,10000.0
666,10000.0
667,10000.0
668,10000.0
669,10000.0
670,10000.0
671,10000.0
672,10000.0
673,10000.0
674,10000.0
675,10000.0
676,10000.0
677,10000.0
678,10000.0
679,10000.0
680,10000.0
681,10000.0
682,10000.0
683,10000.0
684,10000.0
685,10000.0
686,10000.0
687,10000.0
688,10000.0
689,10000.0
690,10000.0
691,10000.0
692,10000.0
693,10000.0
694,10000.0
695,10000.0
696,10000.0
697,10000.0
698,10000.0
699,10000.0
700,10000.0
701,10000.0
702,10000.0
703,10000.0
704,10000.0
705,10000.0
706,10000.0
707,10000.0
708,10000.0
709,10000.0
710,10000.0
711,10000.0
712,10000.0
713,10000.0
714,10000.0
715,10000.0
716,10000.0
717,10000.0
718,10000.0
719,10000.0
720,10000.0
721,10000.0
722,10000.0
723,10000.0
724,10000.0
725,10000.0
726,10000.0
727,10000.0
728,10000.0
729,10000.0
730,10000.0
731,10000.0
732,10000.0
733,10000.0
734,10000.0
735,10000.0
736,10000.0
737,10000.0
738,10000.0
739,10000.0
740,10000.0
741,10000.0
742,10000.0
743,10000.0
744,10000.0
745,10000.0
746,10000.0
747,10000.0
748,10000.0
749,10000.0
750,10000.0
751,10000.0
752,10000.0
753,10000.0
754,10000.0
755,10000.0
756,10000.0
757,10000.0
758,10000.0
759,10000.0
760,10000.0
761,10000.0
762,10000.0
763,10000.0
764,10000.0
765,10000.0
766,10000.0
767,10000.0
768,10000.0
769,10000.0
770,10000.0
771,10000.0
772,10000.0
773,10000.0
774,10000.0
775,10000.0
776,10000.0
777,10000.0
778,10000.0
779,10000.0
780,10000.0
781,10000.0
782,10000.0
783,10000.0
784,10000.0
785,10000.0
786,10000.0
787,10000.0
788,10000.0
789,10000.0
790,10000.0
791,10000.0
792,10000.0
793,10000.0
794,10000.0
795,10000.0
796,10000.0
797,10000.0
798,10000.0
799,10000.0
800,10000.0
801,10000.0
802,10000.0
803,10000.0
804,10000.0
805,10000.0
806,10000.0
807,10000.0
808,10000.0
809,10000.0
810,10000.0
811,10000.0
812,10000.0
813,10000.0
814,10000.0
815,10000.0
816,10000.0
817,10000.0
818,10000.0
819,10000.0
820,10000.0
821,10000.0
822,10000.0
823,10000.0
824,10000.0
825,10000.0
826,10000.0
827,10000.0
828,10000.0
829,10000.0
830,10000.0
831,10000.0
832,10000.0
833,10000.0
834,10000.0
835,10000.0
836,10000.0
837,10000.0
838,10000.0
839,10000.0
840,10000.0
841,10000.0
842,10000.0
843,10000.0
844,10000.0
845,10000.0
846,10000.0
847,10000.0
848,10000.0
849,10000.0
850,10000.0
851,10000.0
852,10000.0
853,10000.0
854,10000.0
855,10000.0
856,10000.0
857,10000.0
858,10000.0
859,10000.0
860,10000.0
861,10000.0
862,10000.0
863,10000.0
864,10000.0
865,10000.0
866,10000.0
867,10000.0
868,10000.0
869,10000.0
870,10000.0
871,10000.0
872,10000.0
873,10000.0
874,10000.0
875,10000.0
876,10000.0
877,10000.0
878,10000.0
879,10000.0
880,10000.0
881,10000.0
882,10000.0
883,10000.0
884,10000.0
885,10000.0
886,10000.0
887,10000.0
888,10000.0
889,10000.0
890,10000.0
891,10000.0
892,10000.0
893,10000.0
894,10000.0
895,10000.0
896,10000.0
897,10000.0
898,10000.0
899,10000.0
900,10000.0
901,10000.0
902,10000.0
903,10000.0
904,10000.0
905,10000.0
906,10000.0
907,10000.0
908,10000.0
909,10000.0
910,10000.0
911,10000.0
912,10000.0
913,10000.0
914,10000.0
915,10000.0
916,10000.0
917,10000.0
918,10000.0
919,10000.0
920,10000.0
921,10000.0
922,10000.0
923,10000.0
924,10000.0
925,10000.0
926,10000.0
927,10000.0
928,10000.0
929,10000.0
930,10000.0
931,10000.0
932,10000.0
933,10000.0
934,10000.0
935,10000.0
936,10000.0
937,10000.0
938,10000.0
939,10000.0
940,10000.0
941,10000.0
942,10000.0
943,10000.0
944,10000.0
945,10000.0
946,10000.0
947,10000.0
948,10000.0
949,10000.0
950,10000.0
951,10000.0
952,10000.0
953,10000.0
954,10000.0
955,10000.0
956,10000.0
957,10000.0
958,10000.0
959,10000.0
960,10000.0
961,10000.0
962,10000.0
963,10000.0
964,10000.0
965,10000.0
966,10000.0
967,10000.0
968,10000.0
969,10000.0
970,10000.0
971,10000.0
972,10000.0
973,10000.0
974,10000.0
975,10000.0
976,10000.0
977,10000.0
978,10000.0
979,10000.0
980,10000.0
981,10000.0
982,10000.0
983,10000.0
984,10000.0
985,10000.0
986,10000.0
987,10000.0
988,10000.0
989,10000.0
990,10000.0
991,10000.0
992,10000.0
993,10000.0
994,10000.0
995,10000.0
996,10000.0
997,10000.0
998,10000.0
999,10000.0
1000,10000.0
1001,10000.0
1002,10000.0
1003,10000.0
1004,10000.0
1005,10000.0
1006,10000.0
1007,10000.0
1008,10000.0
1009,10000.0
1010,10000.0
1011,10000.0
1012,10000.0
1013,10000.0
1014,10000.0
1015,10000.0
1016,10000.0
1017,10000.0
1018,10000.0
1019,10000.0
1020,10000.0
1021,10000.0
1022,10000.0
1023,10000.0
1024,10000.0
1025,10000.0
1026,10000.0
1027,10000.0
1028,10000.0
1029,10000.0
1030,10000.0
1031,10000.0
1032,10000.0
1033,10000.0
1034,10000.0
1035,10000.0
1036,10000.0
1037,10000.0
1038,10000.0
1039,10000.0
1040,10000.0
1041,10000.0
1042,10000.0
1043,10000.0
1044,10000.0
1045,10000.0
1046,10000.0
1047,10000.0
1048,10000.0
1049,10000.0
1050,10000.0
1051,10000.0
1052,10000.0
1053,10000.0
1054,10000.0
1055,10000.0
1056,10000.0
1057,10000.0
1058,10000.0
1059,10000.0
1060,10000.0
1061,10000.0
1062,10000.0
1063,10000.0
1064,10000.0
1065,10000.0
1066,10000.0
1067,10000.0
1068,10000.0
1069,10000.0
1070,10000.0
1071,10000.0
1072,10000.0
1073,10000.0
1074,10000.0
1075,10000.0
1076,10000.0
1077,10000.0
1078,10000.0
1079,10000.0
1080,10000.0
1081,10000.0
1082,10000.0
1083,10000.0
1084,10000.0
1085,10000.0
1086,10000.0
1087,10000.0
1088,10000.0
1089,10000.0
1090,10000.0
1091,10000.0
1092,10000.0
1093,10000.0
1094,10000.0
1095,10000.0
1096,10000.0
1097,10000.0
1098,10000.0
1099,10000.0
1100,10000.0
1101,10000.0
1102,10000.0
1103,10000.0
1104,10000.0
1105,10000.0
1106,10000.0
1107,10000.0
1108,10000.0
1109,10000.0
1110,10000.0
1111,10000.0
1112,10000.0
1113,10000.0
1114,10000.0
1115,10000.0
1116,10000.0
1117,10000.0
1118,10000.0
1119,10000.0
1120,10000.0
1121,10000.0
1122,10000.0
1123,10000.0
1124,10000.0
1125,10000.0
1126,10000.0
1127,10000.0
1128,10000.0
1129,10000.0
1130,10000.0
1131,10000.0
1132,10000.0
1133,10000.0
1134,10000.0
1135,10000.0
1136,10000.0
1137,10000.0
1138,10000.0
1139,10000.0
1140,10000.0
1141,10000.0
1142,10000.0
1143,10000.0
1144,10000.0
1145,10000.0
1146,10000.0
1147,10000.0
1148,10000.0
1149,10000.0
1150,10000.0
1151,10000.0
1152,10000.0
1153,10000.0
1154,10000.0
1155,10000.0
1156,10000.0
1157,10000.0
1158,10000.0
1159,10000.0
1160,10000.0
1161,10000.0
1162,10000.0
1163,10000.0
1164,10000.0
1165,10000.0
1166,10000.0
1167,10000.0
1168,10000.0
1169,10000.0
1170,10000.0
1171,10000.0
1172,10000.0
1173,10000.0
1174,10000.0
1175,10000.0
1176,10000.0
1177,10000.0
1178,10000.0
1179,10000.0
1180,10000.0
1181,10000.0
1182,10000.0
1183,10000.0
1184,10000.0
1185,10000.0
1186,10000.0
1187,10000.0
1188,10000.0
1189,10000.0
1190,10000.0
1191,10000.0
1192,10000.0
1193,10000.0
1194,10000.0
1195,10000.0
1196,10000.0
1197,10000.0
1198,10000.0
1199,10000.0
1200,10000.0
1201,10000.0
1202,10000.0
1203,10000.0
1204,10000.0
1205,10000.0
1206,10000.0
1207,10000.0
1208,10000.0
1209,10000.0
1210,10000.0
1211,10000.0
1212,10000.0
1213,10000.0
1214,10000.0
1215,10000.0
1216,10000.0
1217,10000.0
1218,10000.0
1219,10000.0
1220,10000.0
1221,10000.0
1222,10000.0
1223,10000.0
1224,10000.0
1225,10000.0
1226,10000.0
1227,10000.0
1228,10000.0
1229,10000.0
1230,10000.0
1231,10000.0
1232,10000.0
1233,10000.0
1234,10000.0
1235,10000.0
1236,10000.0
1237,10000.0
1238,10000.0
1239,10000.0
1240,10000.0
1241,10000.0
1242,10000.0
1243,10000.0
1244,10000.0
1245,10000.0
1246,10000.0
1247,10000.0
1248,10000.0
1249,10000.0
1250,10000.0
1251,10000.0
1252,10000.0
1253,10000.0
1254,10000.0
1255,10000.0
1256,10000.0
1257,10000.0
1258,10000.0
1259,10000.0
1260,10000.0
1261,10000.0
1262,10000.0
1263,10000.0
1264,10000.0
1265,10000.0
1266,10000.0
1267,10000.0
1268,10000.0
1269,10000.0
1270,10000.0
1271,10000.0
1272,10000.0
1273,10000.0
1274,10000.0
1275,10000.0
1276,10000.0
1277,10000.0
1278,10000.0
1279,10000.0
1280,10000.0
1281,10000.0
1282,10000.0
1283,10000.0
1284,10000.0
1285,10000.0
1286,10000.0
1287,10000.0
1288,10000.0
1289,10000.0
1290,10000.0
1291,10000.0
1292,10000.0
1293,10000.0
1294,10000.0
1295,10000.0
1296,10000.0
1297,10000.0
1298,10000.0
1299,10000.0
1300,10000.0
1301,10000.0
1302,10000.0
1303,10000.0
1304,10000.0
1305,10000.0
1306,10000.0
1307,10000.0
1308,10000.0
1309,10000.0
1310,10000.0
1311,10000.0
1312,10000.0
1313,10000.0
1314,10000.0
1315,10000.0
1316,10000.0
1317,10000.0
1318,10000.0
1319,10000.0
1320,10000.0
1321,10000.0
1322,10000.0
1323,10000.0
1324,10000.0
1325,10000.0
1326,10000.0
1327,10000.0
1328,10000.0
1329,10000.0
1330,10000.0
1331,10000.0
1332,10000.0
1333,10000.0
1334,10000.0
1335,10000.0
1336,10000.0
1337,10000.0
1338,10000.0
1339,10000.0
1340,10000.0
1341,10000.0
1342,10000.0
1343,10000.0
1344,10000.0
1345,10000.0
1346,10000.0
1347,10000.0
1348,10000.0
1349,10000.0
1350,10000.0
1351,10000.0
1352,10000.0
1353,10000.0
1354,10000.0
1355,10000.0
1356,10000.0
1357,10000.0
1358,10000.0
1359,10000.0
1360,10000.0
1361,10000.0
1362,10000.0
1363,10000.0
1364,10000.0
1365,10000.0
1366,10000.0
1367,10000.0
1368,10000.0
1369,10000.0
1370,10000.0
1371,10000.0
1372,10000.0
1373,10000.0
1374,10000.0
1375,10000.0
1376,10000.0
1377,10000.0
1378,10000.0
1379,10000.0
1380,10000.0
1381,10000.0
1382,10000.0
1383,10000.0
1384,10000.0
1385,10000.0
1386,10000.0
1387,10000.0
1388,10000.0
1389,10000.0
1390,10000.0
1391,10000.0
1392,10000.0
1393,10000.0
1394,10000.0
1395,10000.0
1396,10000.0
1397,10000.0
1398,10000.0
1399,10000.0
1400,10000.0
1401,10000.0
1402,10000.0
1403,10000.0
1404,10000.0
1405,10000.0
1406,10000.0
1407,10000.0
1408,10000.0
1409,10000.0
1410,10000.0
1411,10000.0
1412,10000.0
1413,10000.0
1414,10000.0
1415,10000.0
1416,10000.0
1417,10000.0
1418,10000.0
1419,10000.0
1420,10000.0
1421,10000.0
1422,10000.0
1423,10000.0
1424,10000.0
1425,10000.0
1426,10000.0
1427,10000.0
1428,10000.0
1429,10000.0
1430,10000.0
1431,10000.0
1432,10000.0
1433,10000.0
1434,10000.0
1435,10000.0
1436,10000.0
1437,10000.0
1438,10000.0
1439,10000.0
1440,10000.0
1441,10000.0
1442,10000.0
1443,10000.0
1444,10000.0
1445,10000.0
1446,10000.0
1447,10000.0
1448,10000.0
1449,10000.0
1450,10000.0
1451,10000.0
1452,10000.0
1453,10000.0
1454,10000.0
1455,10000.0
1456,10000.0
1457,10000.0
1458,10000.0
1459,10000.0
1460,10000.0
1461,10000.0
1462,10000.0
1463,10000.0
1464,10000.0
1465,10000.0
1466,10000.0
1467,10000.0
1468,10000.0
1469,10000.0
1470,10000.0
1471,10000.0
1472,10000.0
1473,10000.0
1474,10000.0
1475,10000.0
1476,10000.0
1477,10000.0
1478,10000.0
1479,10000.0
1480,10000.0
1481,10000.0
1482,10000.0
1483,10000.0
1484,10000.0
1485,10000.0
1486,10000.0
1487,10000.0
1488,10000.0
1489,10000.0
1490,10000.0
1491,10000.0
1492,10000.0
1493,10000.0
1494,10000.0
1495,10000.0
1496,10000.0
1497,10000.0
1498,10000.0
1499,10000.0
1500,10000.0
1501,10000.0
1502,10000.0
1503,10000.0
1504,10000.0
1505,10000.0
1506,10000.0
1507,10000.0
1508,10000.0
1509,10000.0
1510,10000.0
1511,10000.0
1512,10000.0
1513,10000.0
1514,10000.0
1515,10000.0
1516,10000.0
1517,10000.0
1518,10000.0
1519,10000.0
1520,10000.0
1521,10000.0
1522,10000.0
1523,10000.0
1524,10000.0
1525,10000.0
1526,10000.0
1527,10000.0
1528,10000.0
1529,10000.0
1530,10000.0
1531,10000.0
1532,10000.0
1533,10000.0
1534,10000.0
1535,10000.0
1536,10000.0
1537,10000.0
1538,10000.0
1539,10000.0
1540,10000.0
1541,10000.0
1542,10000.0
1543,10000.0
1544,10000.0
1545,10000.0
1546,10000.0
1547,10000.0
1548,10000.0
1549,10000.0
1550,10000.0
1551,10000.0
1552,10000.0
1553,10000.0
1554,10000.0
1555,10000.0
1556,10000.0
1557,10000.0
1558,10000.0
1559,10000.0
1560,10000.0
1561,10000.0
1562,10000.0
1563,10000.0
1564,10000.0
1565,10000.0
1566,10000.0
1567,10000.0
1568,10000.0
1569,10000.0
1570,10000.0
1571,10000.0
1572,10000.0
1573,10000.0
1574,10000.0
1575,10000.0
1576,10000.0
1577,10000.0
1578,10000.0
1579,10000.0
1580,10000.0
1581,10000.0
1582,10000.0
1583,10000.0
1584,10000.0
1585,10000.0
1586,10000.0
1587,10000.0
1588,10000.0
1589,10000.0
1590,10000.0
1591,10000.0
1592,10000.0
1593,10000.0
1594,10000.0
1595,10000.0
1596,10000.0
1597,10000.0
1598,10000.0
1599,10000.0
1600,10000.0
1601,10000.0
1602,10000.0
1603,10000.0
1604,10000.0
1605,10000.0
1606,10000.0
1607,10000.0
1608,10000.0
1609,10000.0
1610,10000.0
1611,10000.0
1612,10000.0
1613,10000.0
1614,10000.0
1615,10000.0
1616,10000.0
1617,10000.0
1618,10000.0
1619,10000.0
1620,10000.0
1621,10000.0
1622,10000.0
1623,10000.0
1624,10000.0
1625,10000.0
1626,10000.0
1627,10000.0
1628,10000.0
1629,10000.0
1630,10000.0
1631,10000.0
1632,10000.0
1633,10000.0
1634,10000.0
1635,10000.0
1636,10000.0
1637,10000.0
1638,10000.0
1639,10000.0
1640,10000.0
1641,10000.0
1642,10000.0
1643,10000.0
1644,10000.0
1645,10000.0
1646,10000.0
1647,10000.0
1648,10000.0
1649,10000.0
1650,10000.0
1651,10000.0
1652,10000.0
1653,10000.0
1654,10000.0
1655,10000.0
1656,10000.0
1657,10000.0
1658,10000.0
1659,10000.0
1660,10000.0
1661,10000.0
1662,10000.0
1663,10000.0
1664,10000.0
1665,10000.0
1666,10000.0
1667,10000.0
1668,10000.0
1669,10000.0
1670,10000.0
1671,10000.0
1672,10000.0
1673,10000.0
1674,10000.0
1675,10000.0
1676,10000.0
1677,10000.0
1678,10000.0
1679,10000.0
1680,10000.0
1681,10000.0
1682,10000.0
1683,10000.0
1684,10000.0
1685,10000.0
1686,10000.0
1687,10000.0
1688,10000.0
1689,10000.0
1690,10000.0
1691,10000.0
1692,10000.0
1693,10000.0
1694,10000.0
1695,10000.0
1696,10000.0
1697,10000.0
1698,10000.0
1699,10000.0
1700,10000.0
1701,10000.0
1702,10000.0
1703,10000.0
1704,10000.0
1705,10000.0
1706,10000.0
1707,10000.0
1708,10000.0
1709,10000.0
1710,10000.0
1711,10000.0
1712,10000.0
1713,10000.0
1714,10000.0
1715,10000.0
1716,10000.0
1717,10000.0
1718,10000.0
1719,10000.0
1720,10000.0
1721,10000.0
1722,10000.0
1723,10000.0
1724,10000.0
1725,10000.0
1726,10000.0
1727,10000.0
1728,10000.0
1729,10000.0
1730,10000.0
1731,10000.0
1732,10000.0
1733,10000.0
1734,10000.0
1735,10000.0
1736,10000.0
1737,10000.0
1738,10000.0
1739,10000.0
1740,10000.0
1741,10000.0
1742,10000.0
1743,10000.0
1744,10000.0
1745,10000.0
1746,10000.0
1747,10000.0
1748,10000.0
1749,10000.0
1750,10000.0
1751,10000.0
1752,10000.0
1753,10000.0
1754,10000.0
1755,10000.0
1756,10000.0
1757,10000.0
1758,10000.0
1759,10000.0
1760,10000.0
1761,10000.0
1762,10000.0
1763,10000.0
1764,10000.0
1765,10000.0
1766,10000.0
1767,10000.0
1768,10000.0
1769,10000.0
1770,10000.0
1771,10000.0
1772,10000.0
1773,10000.0
1774,10000.0
1775,10000.0
1776,10000.0
1777,10000.0
1778,10000.0
1779,10000.0
1780,10000.0
1781,10000.0
1782,10000.0
1783,10000.0
1784,10000.0
1785,10000.0
1786,10000.0
1787,10000.0
1788,10000.0
1789,10000.0
1790,10000.0
1791,10000.0
1792,10000.0
1793,10000.0
1794,10000.0
1795,10000.0
1796,10000.0
1797,10000.0
1798,10000.0
1799,10000.0
1800,10000.0
1801,10000.0
1802,10000.0
1803,10000.0
1804,10000.0
1805,10000.0
1806,10000.0
1807,10000.0
1808,10000.0
1809,10000.0
1810,10000.0
1811,10000.0
1812,10000.0
1813,10000.0
1814,10000.0
1815,10000.0
1816,10000.0
1817,10000.0
1818,10000.0
1819,10000.0
1820,10000.0
1821,10000.0
1822,10000.0
1823,10000.0
1824,10000.0
1825,10000.0
1826,10000.0
1827,10000.0
1828,10000.0
1829,10000.0
1830,10000.0
1831,10000.0
1832,10000.0
1833,10000.0
1834,10000.0
1835,10000.0
1836,10000.0
1837,10000.0
1838,10000.0
1839,10000.0
1840,10000.0
1841,10000.0
1842,10000.0
1843,10000.0
1844,10000.0
1845,10000.0
1846,10000.0
1847,10000.0
1848,10000.0
1849,10000.0
1850,10000.0
1851,10000.0
1852,10000.0
1853,10000.0
1854,10000.0
1855,10000.0
1856,10000.0
1857,10000.0
1858,10000.0
1859,10000.0
1860,10000.0
1861,10000.0
1862,10000.0
1863,10000.0
1864,10000.0
1865,10000.0
1866,10000.0
1867,10000.0
1868,10000.0
1869,10000.0
1870,10000.0
1871,10000.0
1872,10000.0
1873,10000.0
1874,10000.0
1875,10000.0
1876,10000.0
1877,10000.0
1878,10000.0
1879,10000.0
1880,10000.0
1881,10000.0
1882,10000.0
1883,10000.0
1884,10000.0
1885,10000.0
1886,10000.0
1887,10000.0
1888,10000.0
1889,10000.0
1890,10000.0
1891,10000.0
1892,10000.0
1893,10000.0
1894,10000.0
1895,10000.0
1896,10000.0
1897,10000.0
1898,10000.0
1899,10000.0
1900,10000.0
1901,10000.0
1902,10000.0
1903,10000.0
1904,10000.0
1905,10000.0
1906,10000.0
1907,10000.0
1908,10000.0
1909,10000.0
1910,10000.0
1911,10000.0
1912,10000.0
1913,10000.0
1914,10000.0
1915,10000.0
1916,10000.0
1917,10000.0
1918,10000.0
1919,10000.0
1920,10000.0
1921,10000.0
1922,10000.0
1923,10000.0
1924,10000.0
1925,10000.0
1926,10000.0
1927,10000.0
1928,10000.0
1929,10000.0
1930,10000.0
1931,10000.0
1932,10000.0
1933,10000.0
1934,10000.0
1935,10000.0
1936,10000.0
1937,10000.0
1938,10000.0
1939,10000.0
1940,10000.0
1941,10000.0
1942,10000.0
1943,10000.0
1944,10000.0
1945,10000.0
1946,10000.0
1947,10000.0
1948,10000.0
1949,10000.0
1950,10000.0
1951,10000.0
1952,10000.0
1953,10000.0
1954,10000.0
1955,10000.0
1956,10000.0
1957,10000.0
1958,10000.0
1959,10000.0
1960,10000.0
1961,10000.0
1962,10000.0
1963,10000.0
1964,10000.0
1965,10000.0
1966,10000.0
1967,10000.0
1968,10000.0
1969,10000.0
1970,10000.0
1971,10000.0
1972,10000.0
1973,10000.0
1974,10000.0
1975,10000.0
1976,10000.0
1977,10000.0
1978,10000.0
1979,10000.0
1980,10000.0
1981,10000.0
1982,10000.0
1983,10000.0
1984,10000.0
1985,10000.0
1986,10000.0
1987,10000.0
1988,10000.0
1989,10000.0
1990,10000.0
1991,10000.0
1992,10000.0
1993,10000.0
1994,10000.0
1995,10000.0
1996,10000.0
1997,10000.0
1998,10000.0
1999,10000.0
2000,10000.0
2001,10000.0
2002,10000.0
2003,10000.0
2004,10000.0
2005,10000.0
2006,10000.0
2007,10000.0
2008,10000.0
2009,10000.0
2010,10000.0
2011,10000.0
2012,10000.0
2013,10000.0
2014,10000.0
2015,10000.0
2016,10000.0
2017,10000.0
2018,10000.0
2019,10000.0
2020,10000.0
2021,10000.0
2022,10000.0
2023,10000.0
2024,10000.0
2025,10000.0
2026,10000.0
2027,10000.0
2028,10000.0
2029,10000.0
2030,10000.0
2031,10000.0
2032,10000.0
2033,10000.0
2034,10000.0
2035,10000.0
2036,10000.0
2037,10000.0
2038,10000.0
2039,10000.0
2040,10000.0
2041,10000.0
2042,10000.0
2043,10000.0
2044,10000.0
2045,10000.0
2046,10000.0
2047,10000.0
2048,10000.0
2049,10000.0
2050,10000.0
2051,10000.0
2052,10000.0
2053,10000.0
2054,10000.0
2055,10000.0
2056,10000.0
2057,10000.0
2058,10000.0
2059,10000.0
2060,10000.0
2061,10000.0
2062,10000.0
2063,10000.0
2064,10000.0
2065,10000.0
2066,10000.0
2067,10000.0
2068,10000.0
2069,10000.0
2070,10000.0
2071,10000.0
2072,10000.0
2073,10000.0
2074,10000.0
2075,10000.0
2076,10000.0
2077,10000.0
2078,10000.0
2079,10000.0
2080,10000.0
2081,10000.0
2082,10000.0
2083,10000.0
2084,10000.0
2085,10000.0
2086,10000.0
2087,10000.0
2088,10000.0
2089,10000.0
2090,10000.0
2091,10000.0
2092,10000.0
2093,10000.0
2094,10000.0
2095,10000.0
2096,10000.0
2097,10000.0
2098,10000.0
2099,10000.0
2100,10000.0
2101,10000.0
2102,10000.0
2103,10000.0
2104,10000.0
2105,10000.0
2106,10000.0
2107,10000.0
2108,10000.0
2109,10000.0
2110,10000.0
2111,10000.0
2112,10000.0
2113,10000.0
2114,10000.0
2115,10000.0
2116,10000.0
2117,10000.0
2118,10000.0
2119,10000.0
2120,10000.0
2121,10000.0
2122,10000.0
2123,10000.0
2124,10000.0
2125,10000.0
2126,10000.0
2127,10000.0
2128,10000.0
2129,10000.0
2130,10000.0
2131,10000.0
2132,10000.0
2133,10000.0
2134,10000.0
2135,10000.0
2136,10000.0
2137,10000.0
2138,10000.0
2139,10000.0
2140,10000.0
2141,10000.0
2142,10000.0
2143,10000.0
2144,10000.0
2145,10000.0
2146,10000.0
2147,10000.0
2148,10000.0
2149,10000.0
2150,10000.0
2151,10000.0
2152,10000.0
2153,10000.0
2154,10000.0
2155,10000.0
2156,10000.0
2157,10000.0
2158,10000.0
2159,10000.0
2160,10000.0
2161,10000.0
2162,10000.0
2163,10000.0
2164,10000.0
2165,10000.0
2166,10000.0
2167,10000.0
2168,10000.0
2169,10000.0
2170,10000.0
2171,10000.0
2172,10000.0
2173,10000.0
2174,10000.0
2175,10000.0
2176,10000.0
2177,10000.0
2178,10000.0
2179,10000.0
2180,10000.0
2181,10000.0
2182,10000.0
2183,10000.0
2184,10000.0
2185,10000.0
2186,10000.0
2187,10000.0
2188,10000.0
2189,10000.0
2190,10000.0
2191,10000.0
2192,10000.0
2193,10000.0
2194,10000.0
2195,10000.0
2196,10000.0
2197,10000.0
2198,10000.0
2199,10000.0
2200,10000.0
2201,10000.0
2202,10000.0
2203,10000.0
2204,10000.0
2205,10000.0
2206,10000.0
2207,10000.0
2208,10000.0
2209,10000.0
2210,10000.0
2211,10000.0
2212,10000.0
2213,10000.0
2214,10000.0
2215,10000.0
2216,10000.0
2217,10000.0
2218,10000.0
2219,10000.0
2220,10000.0
2221,10000.0
2222,10000.0
2223,10000.0
2224,10000.0
2225,10000.0
2226,10000.0
2227,10000.0
2228,10000.0
2229,10000.0
2230,10000.0
2231,10000.0
2232,10000.0
2233,10000.0
2234,10000.0
2235,10000.0
2236,10000.0
2237,10000.0
2238,10000.0
2239,10000.0
2240,10000.0
2241,10000.0
2242,10000.0
2243,10000.0
2244,10000.0
2245,10000.0
2246,10000.0
2247,10000.0
2248,10000.0
2249,10000.0
2250,10000.0
2251,10000.0
2252,10000.0
2253,10000.0
2254,10000.0
2255,10000.0
2256,10000.0
2257,10000.0
2258,10000.0
2259,10000.0
2260,10000.0
2261,10000.0
2262,10000.0
2263,10000.0
2264,10000.0
2265,10000.0
2266,10000.0
2267,10000.0
2268,10000.0
2269,10000.0
2270,10000.0
2271,10000.0
2272,10000.0
2273,10000.0
2274,10000.0
2275,10000.0
2276,10000.0
2277,10000.0
2278,10000.0
2279,10000.0
2280,10000.0
2281,10000.0
2282,10000.0
2283,10000.0
2284,10000.0
2285,10000.0
2286,10000.0
2287,10000.0
2288,10000.0
2289,10000.0
2290,10000.0
2291,10000.0
2292,10000.0
2293,10000.0
2294,10000.0
2295,10000.0
2296,10000.0
2297,10000.0
2298,10000.0
2299,10000.0
2300,10000.0
2301,10000.0
2302,10000.0
2303,10000.0
2304,10000.0
2305,10000.0
2306,10000.0
2307,10000.0
2308,10000.0
2309,10000.0
2310,10000.0
2311,10000.0
2312,10000.0
2313,10000.0
2314,10000.0
2315,10000.0
2316,10000.0
2317,10000.0
2318,10000.0
2319,10000.0
2320,10000.0
2321,10000.0
2322,10000.0
2323,10000.0
2324,10000.0
2325,10000.0
2326,10000.0
2327,10000.0
2328,10000.0
2329,10000.0
2330,10000.0
2331,10000.0
2332,10000.0
2333,10000.0
2334,10000.0
2335,10000.0
2336,10000.0
2337,10000.0
2338,10000.0
2339,10000.0
2340,10000.0
2341,10000.0
2342,10000.0
2343,10000.0
2344,10000.0
2345,10000.0
2346,10000.0
2347,10000.0
2348,10000.0
2349,10000.0
2350,10000.0
2351,10000.0
2352,10000.0
2353,10000.0
2354,10000.0
2355,10000.0
2356,10000.0
2357,10000.0
2358,10000.0
2359,10000.0
2360,10000.0
2361,10000.0
2362,10000.0
2363,10000.0
2364,10000.0
2365,10000.0
2366,10000.0
2367,10000.0
2368,10000.0
2369,10000.0
2370,10000.0
2371,10000.0
2372,10000.0
2373,10000.0
2374,10000.0
2375,10000.0
2376,10000.0
2377,10000.0
2378,10000.0
2379,10000.0
2380,10000.0
2381,10000.0
2382,10000.0
2383,10000.0
2384,10000.0
2385,10000.0
2386,10000.0
2387,10000.0
2388,10000.0
2389,10000.0
2390,10000.0
2391,10000.0
2392,10000.0
2393,10000.0
2394,10000.0
2395,10000.0
2396,10000.0
2397,10000.0
2398,10000.0
2399,10000.0
2400,10000.0
2401,10000.0
2402,10000.0
2403,10000.0
2404,10000.0
2405,10000.0
2406,10000.0
2407,10000.0
2408,10000.0
2409,10000.0
2410,10000.0
2411,10000.0
2412,10000.0
2413,10000.0
2414,10000.0
2415,10000.0
2416,10000.0
2417,10000.0
2418,10000.0
2419,10000.0
2420,10000.0
2421,10000.0
2422,10000.0
2423,10000.0
2424,10000.0
2425,10000.0
2426,10000.0
2427,10000.0
2428,10000.0
2429,10000.0
2430,10000.0
2431,10000.0
2432,10000.0
2433,10000.0
2434,10000.0
2435,10000.0
2436,10000.0
2437,10000.0
2438,10000.0
2439,10000.0
2440,10000.0
2441,10000.0
2442,10000.0
2443,10000.0
2444,10000.0
2445,10000.0
2446,10000.0
2447,10000.0
2448,10000.0
2449,10000.0
2450,10000.0
2451,10000.0
2452,10000.0
2453,10000.0
2454,10000.0
2455,10000.0
2456,10000.0
2457,10000.0
2458,10000.0
2459,10000.0
2460,10000.0
2461,10000.0
2462,10000.0
2463,10000.0
2464,10000.0
2465,10000.0
2466,10000.0
2467,10000.0
2468,10000.0
2469,10000.0
2470,10000.0
2471,10000.0
2472,10000.0
2473,10000.0
2474,10000.0
2475,10000.0
2476,10000.0
2477,10000.0
2478,10000.0
2479,10000.0
2480,10000.0
2481,10000.0
2482,10000.0
2483,10000.0
2484,10000.0
2485,10000.0
2486,10000.0
2487,10000.0
2488,10000.0
2489,10000.0
2490,10000.0
2491,10000.0
2492,10000.0
2493,10000.0
2494,10000.0
2495,10000.0
2496,10000.0
2497,10000.0
2498,10000.0
2499,10000.0
2500,10000.0
2501,10000.0
2502,10000.0
2503,10000.0
2504,10000.0
2505,10000.0
2506,10000.0
2507,10000.0
2508,10000.0
2509,10000.0
2510,10000.0
2511,10000.0
2512,10000.0
2513,10000.0
2514,10000.0
2515,10000.0
2516,10000.0
2517,10000.0
2518,10000.0
2519,10000.0
2520,10000.0
2521,10000.0
2522,10000.0
2523,10000.0
2524,10000.0
2525,10000.0
2526,10000.0
2527,10000.0
2528,10000.0
2529,10000.0
2530,10000.0
2531,10000.0
2532,10000.0
2533,10000.0
2534,10000.0
2535,10000.0
2536,10000.0
2537,10000.0
2538,10000.0
2539,10000.0
2540,10000.0
2541,10000.0
2542,10000.0
2543,10000.0
2544,10000.0
2545,10000.0
2546,10000.0
2547,10000.0
2548,10000.0
2549,10000.0
2550,10000.0
2551,10000.0
2552,10000.0
2553,10000.0
2554,10000.0
2555,10000.0
2556,10000.0
2557,10000.0
2558,10000.0
2559,10000.0
2560,10000.0
2561,10000.0
2562,10000.0
2563,10000.0
2564,10000.0
2565,10000.0
2566,10000.0
2567,10000.0
2568,10000.0
2569,10000.0
2570,10000.0
2571,10000.0
2572,10000.0
2573,10000.0
2574,10000.0
2575,10000.0
2576,10000.0
2577,10000.0
2578,10000.0
2579,10000.0
2580,10000.0
2581,10000.0
2582,10000.0
2583,10000.0
2584,10000.0
2585,10000.0
2586,10000.0
2587,10000.0
2588,10000.0
2589,10000.0
2590,10000.0
2591,10000.0
2592,10000.0
2593,10000.0
2594,10000.0
2595,10000.0
2596,10000.0
2597,10000.0
2598,10000.0
2599,10000.0
2600,10000.0
2601,10000.0
2602,10000.0
2603,10000.0
2604,10000.0
2605,10000.0
2606,10000.0
2607,10000.0
2608,10000.0
2609,10000.0
2610,10000.0
2611,10000.0
2612,10000.0
2613,10000.0
2614,10000.0
2615,10000.0
2616,10000.0
2617,10000.0
2618,10000.0
2619,10000.0
2620,10000.0
2621,10000.0
2622,10000.0
2623,10000.0
2624,10000.0
2625,10000.0
2626,10000.0
2627,10000.0
2628,10000.0
2629,10000.0
2630,10000.0
2631,10000.0
2632,10000.0
2633,10000.0
2634,10000.0
2635,10000.0
2636,10000.0
2637,10000.0
2638,10000.0
2639,10000.0
2640,10000.0
2641,10000.0
2642,10000.0
2643,10000.0
2644,10000.0
2645,10000.0
2646,10000.0
2647,10000.0
2648,10000.0
2649,10000.0
2650,10000.0
2651,10000.0
2652,10000.0
2653,10000.0
2654,10000.0
2655,10000.0
2656,10000.0
2657,10000.0
2658,10000.0
2659,10000.0
2660,10000.0
2661,10000.0
2662,10000.0
2663,10000.0
2664,10000.0
2665,10000.0
2666,10000.0
2667,10000.0
2668,10000.0
2669,10000.0
2670,10000.0
2671,10000.0
2672,10000.0
2673,10000.0
2674,10000.0
2675,10000.0
2676,10000.0
2677,10000.0
2678,10000.0
2679,10000.0
2680,10000.0
2681,10000.0
2682,10000.0
2683,10000.0
2684,10000.0
2685,10000.0
2686,10000.0
2687,10000.0
2688,10000.0
2689,10000.0
2690,10000.0
2691,10000.0
2692,10000.0
2693,10000.0
2694,10000.0
2695,10000.0
2696,10000.0
2697,10000.0
2698,10000.0
2699,10000.0
2700,10000.0
2701,10000.0
2702,10000.0
2703,10000.0
2704,10000.0
2705,10000.0
2706,10000.0
2707,10000.0
2708,10000.0
2709,10000.0
2710,10000.0
2711,10000.0
2712,10000.0
2713,10000.0
2714,10000.0
2715,10000.0
2716,10000.0
2717,10000.0
2718,10000.0
2719,10000.0
2720,10000.0
2721,10000.0
2722,10000.0
2723,10000.0
2724,10000.0
2725,10000.0
2726,10000.0
2727,10000.0
2728,10000.0
2729,10000.0
2730,10000.0
2731,10000.0
2732,10000.0
2733,10000.0
2734,10000.0
2735,10000.0
2736,10000.0
2737,10000.0
2738,10000.0
2739,10000.0
2740,10000.0
2741,10000.0
2742,10000.0
2743,10000.0
2744,10000.0
2745,10000.0
2746,10000.0
2747,10000.0
2748,10000.0
2749,10000.0
2750,10000.0
2751,10000.0
2752,10000.0
2753,10000.0
2754,10000.0
2755,10000.0
2756,10000.0
2757,10000.0
2758,10000.0
2759,10000.0
2760,10000.0
2761,10000.0
2762,10000.0
2763,10000.0
2764,10000.0
2765,10000.0
2766,10000.0
2767,10000.0
2768,10000.0
2769,10000.0
2770,10000.0
2771,10000.0
2772,10000.0
2773,10000.0
2774,10000.0
2775,10000.0
2776,10000.0
2777,10000.0
2778,10000.0
2779,10000.0
2780,10000.0
2781,10000.0
2782,10000.0
2783,10000.0
2784,10000.0
2785,10000.0
2786,10000.0
2787,10000.0
2788,10000.0
2789,10000.0
2790,10000.0
2791,10000.0
2792,10000.0
2793,10000.0
2794,10000.0
2795,10000.0
2796,10000.0
2797,10000.0
2798,10000.0
2799,10000.0
2800,10000.0
2801,10000.0
2802,10000.0
2803,10000.0
2804,10000.0
2805,10000.0
2806,10000.0
2807,10000.0
2808,10000.0
2809,10000.0
2810,10000.0
2811,10000.0
2812,10000.0
2813,10000.0
2814,10000.0
2815,10000.0
2816,10000.0
2817,10000.0
2818,10000.0
2819,10000.0
2820,10000.0
2821,10000.0
2822,10000.0
2823,10000.0
2824,10000.0
2825,10000.0
2826,10000.0
2827,10000.0
2828,10000.0
2829,10000.0
2830,10000.0
2831,10000.0
2832,10000.0
2833,10000.0
2834,10000.0
2835,10000.0
2836,10000.0
2837,10000.0
2838,10000.0
2839,10000.0
2840,10000.0
2841,10000.0
2842,10000.0
2843,10000.0
2844,10000.0
2845,10000.0
2846,10000.0
2847,10000.0
2848,10000.0
2849,10000.0
2850,10000.0
2851,10000.0
2852,10000.0
2853,10000.0
2854,10000.0
2855,10000.0
2856,10000.0
2857,10000.0
2858,10000.0
2859,10000.0
2860,10000.0
2861,10000.0
2862,10000.0
2863,10000.0
2864,10000.0
2865,10000.0
2866,10000.0
2867,10000.0
2868,10000.0
2869,10000.0
2870,10000.0
2871,10000.0
2872,10000.0
2873,10000.0
2874,10000.0
2875,10000.0
2876,10000.0
2877,10000.0
2878,10000.0
2879,10000.0
2880,10000.0
2881,10000.0
2882,10000.0
2883,10000.0
2884,10000.0
2885,10000.0
2886,10000.0
2887,10000.0
2888,10000.0
2889,10000.0
2890,10000.0
2891,10000.0
2892,10000.0
2893,10000.0
2894,10000.0
2895,10000.0
2896,10000.0
2897,10000.0
2898,10000.0
2899,10000.0
2900,10000.0
2901,10000.0
2902,10000.0
2903,10000.0
2904,10000.0
2905,10000.0
2906,10000.0
2907,10000.0
2908,10000.0
2909,10000.0
2910,10000.0
2911,10000.0
2912,10000.0
2913,10000.0
2914,10000.0
2915,10000.0
2916,10000.0
2917,10000.0
2918,10000.0
2919,10000.0
2920,10000.0
2921,10000.0
2922,10000.0
2923,10000.0
2924,10000.0
2925,10000.0
2926,10000.0
2927,10000.0
2928,10000.0
2929,10000.0
2930,10000.0
2931,10000.0
2932,10000.0
2933,10000.0
2934,10000.0
2935,10000.0
2936,10000.0
2937,10000.0
2938,10000.0
2939,10000.0
2940,10000.0
2941,10000.0
2942,10000.0
2943,10000.0
2944,10000.0
2945,10000.0
2946,10000.0
2947,10000.0
2948,10000.0
2949,10000.0
2950,10000.0
2951,10000.0
2952,10000.0
2953,10000.0
2954,10000.0
2955,10000.0
2956,10000.0
2957,10000.0
2958,10000.0
2959,10000.0
2960,10000.0
2961,10000.0
2962,10000.0
2963,10000.0
2964,10000.0
2965,10000.0
2966,10000.0
2967,10000.0
2968,10000.0
2969,10000.0
2970,10000.0
2971,10000.0
2972,10000.0
2973,10000.0
2974,10000.0
2975,10000.0
2976,10000.0
2977,10000.0
2978,10000.0
2979,10000.0
2980,10000.0
2981,10000.0
2982,10000.0
2983,10000.0
2984,10000.0
2985,10000.0
2986,10000.0
2987,10000.0
2988,10000.0
2989,10000.0
2990,10000.0
2991,10000.0
2992,10000.0
2993,10000.0
2994,10000.0
2995,10000.0
2996,10000.0
2997,10000.0
2998,10000.0
2999,10000.0
3000,10000.0
3001,10000.0
3002,10000.0
3003,10000.0
3004,10000.0
3005,10000.0
3006,10000.0
3007,10000.0
3008,10000.0
3009,10000.0
3010,10000.0
3011,10000.0
3012,10000.0
3013,10000.0
3014,10000.0
3015,10000.0
3016,10000.0
3017,10000.0
3018,10000.0
3019,10000.0
3020,10000.0
3021,10000.0
3022,10000.0
3023,10000.0
3024,10000.0
3025,10000.0
3026,10000.0
3027,10000.0
3028,10000.0
3029,10000.0
3030,10000.0
3031,10000.0
3032,10000.0
3033,10000.0
3034,10000.0
3035,10000.0
3036,10000.0
3037,10000.0
3038,10000.0
3039,10000.0
3040,10000.0
3041,10000.0
3042,10000.0
3043,10000.0
3044,10000.0
3045,10000.0
3046,10000.0
3047,10000.0
3048,10000.0
3049,10000.0
3050,10000.0
3051,10000.0
3052,10000.0
3053,10000.0
3054,10000.0
3055,10000.0
3056,10000.0
3057,10000.0
3058,10000.0
3059,10000.0
3060,10000.0
3061,10000.0
3062,10000.0
3063,10000.0
3064,10000.0
3065,10000.0
3066,10000.0
3067,10000.0
3068,10000.0
3069,10000.0
3070,10000.0
3071,10000.0
3072,10000.0
3073,10000.0
3074,10000.0
3075,10000.0
3076,10000.0
3077,10000.0
3078,10000.0
3079,10000.0
3080,10000.0
3081,10000.0
3082,10000.0
3083,10000.0
3084,10000.0
3085,10000.0
3086,10000.0
3087,10000.0
3088,10000.0
3089,10000.0
3090,10000.0
3091,10000.0
3092,10000.0
3093,10000.0
3094,10000.0
3095,10000.0
3096,10000.0
3097,10000.0
3098,10000.0
3099,10000.0
3100,10000.0
3101,10000.0
3102,10000.0
3103,10000.0
3104,10000.0
3105,10000.0
3106,10000.0
3107,10000.0
3108,10000.0
3109,10000.0
3110,10000.0
3111,10000.0
3112,10000.0
3113,10000.0
3114,10000.0
3115,10000.0
3116,10000.0
3117,10000.0
3118,10000.0
3119,10000.0
3120,10000.0
3121,10000.0
3122,10000.0
3123,10000.0
3124,10000.0
3125,10000.0
3126,10000.0
3127,10000.0
3128,10000.0
3129,10000.0
3130,10000.0
3131,10000.0
3132,10000.0
3133,10000.0
3134,10000.0
3135,10000.0
3136,10000.0
3137,10000.0
3138,10000.0
3139,10000.0
3140,10000.0
3141,10000.0
3142,10000.0
3143,10000.0
3144,10000.0
3145,10000.0
3146,10000.0
3147,10000.0
3148,10000.0
3149,10000.0
3150,10000.0
3151,10000.0
3152,10000.0
3153,10000.0
3154,10000.0
3155,10000.0
3156,10000.0
3157,10000.0
3158,10000.0
3159,10000.0
3160,10000.0
3161,10000.0
3162,10000.0
3163,10000.0
3164,10000.0
3165,10000.0
3166,10000.0
3167,10000.0
3168,10000.0
3169,10000.0
3170,10000.0
3171,10000.0
3172,10000.0
3173,10000.0
3174,10000.0
3175,10000.0
3176,10000.0
3177,10000.0
3178,10000.0
3179,10000.0
3180,10000.0
3181,10000.0
3182,10000.0
3183,10000.0
3184,10000.0
3185,10000.0
3186,10000.0
3187,10000.0
3188,10000.0
3189,10000.0
3190,10000.0
3191,10000.0
3192,10000.0
3193,10000.0
3194,10000.0
3195,10000.0
3196,10000.0
3197,10000.0
3198,10000.0
3199,10000.0
3200,10000.0
3201,10000.0
3202,10000.0
3203,10000.0
3204,10000.0
3205,10000.0
3206,10000.0
3207,10000.0
3208,10000.0
3209,10000.0
3210,10000.0
3211,10000.0
3212,10000.0
3213,10000.0
3214,10000.0
3215,10000.0
3216,10000.0
3217,10000.0
3218,10000.0
3219,10000.0
3220,10000.0
3221,10000.0
3222,10000.0
3223,10000.0
3224,10000.0
3225,10000.0
3226,10000.0
3227,10000.0
3228,10000.0
3229,10000.0
3230,10000.0
3231,10000.0
3232,10000.0
3233,10000.0
3234,10000.0
3235,10000.0
3236,10000.0
3237,10000.0
3238,10000.0
3239,10000.0
3240,10000.0
3241,10000.0
3242,10000.0
3243,10000.0
3244,10000.0
3245,10000.0
3246,10000.0
3247,10000.0
3248,10000.0
3249,10000.0
3250,10000.0
3251,10000.0
3252,10000.0
3253,10000.0
3254,10000.0
3255,10000.0
3256,10000.0
3257,10000.0
3258,10000.0
3259,10000.0
3260,10000.0
3261,10000.0
3262,10000.0
3263,10000.0
3264,10000.0
3265,10000.0
3266,10000.0
3267,10000.0
3268,10000.0
3269,10000.0
3270,10000.0
3271,10000.0
3272,10000.0
3273,10000.0
3274,10000.0
3275,10000.0
3276,10000.0
3277,10000.0
3278,10000.0
3279,10000.0
3280,10000.0
3281,10000.0
3282,10000.0
3283,10000.0
3284,10000.0
3285,10000.0
3286,10000.0
3287,10000.0
3288,10000.0
3289,10000.0
3290,10000.0
3291,10000.0
3292,10000.0
3293,10000.0
3294,10000.0
3295,10000.0
3296,10000.0
3297,10000.0
3298,10000.0
3299,10000.0
3300,10000.0
3301,10000.0
3302,10000.0
3303,10000.0
3304,10000.0
3305,10000.0
3306,10000.0
3307,10000.0
3308,10000.0
3309,10000.0
3310,10000.0
3311,10000.0
3312,10000.0
3313,10000.0
3314,10000.0
3315,10000.0
3316,10000.0
3317,10000.0
3318,10000.0
3319,10000.0
3320,10000.0
3321,10000.0
3322,10000.0
3323,10000.0
3324,10000.0
3325,10000.0
3326,10000.0
3327,10000.0
3328,10000.0
3329,10000.0
3330,10000.0
3331,10000.0
3332,10000.0
3333,10000.0
3334,10000.0
3335,10000.0
3336,10000.0
3337,10000.0
3338,10000.0
3339,10000.0
3340,10000.0
3341,10000.0
3342,10000.0
3343,10000.0
3344,10000.0
3345,10000.0
3346,10000.0
3347,10000.0
3348,10000.0
3349,10000.0
3350,10000.0
3351,10000.0
3352,10000.0
3353,10000.0
3354,10000.0
3355,10000.0
3356,10000.0
3357,10000.0
3358,10000.0
3359,10000.0
3360,10000.0
3361,10000.0
3362,10000.0
3363,10000.0
3364,10000.0
3365,10000.0
3366,10000.0
3367,10000.0
3368,10000.0
3369,10000.0
3370,10000.0
3371,10000.0
3372,10000.0
3373,10000.0
3374,10000.0
3375,10000.0
3376,10000.0
3377,10000.0
3378,10000.0
3379,10000.0
3380,10000.0
3381,10000.0
3382,10000.0
3383,10000.0
3384,10000.0
3385,10000.0
3386,10000.0
3387,10000.0
3388,10000.0
3389,10000.0
3390,10000.0
3391,10000.0
3392,10000.0
3393,10000.0
3394,10000.0
3395,10000.0
3396,10000.0
3397,10000.0
3398,10000.0
3399,10000.0
3400,10000.0
3401,10000.0
3402,10000.0
3403,10000.0
3404,10000.0
3405,10000.0
3406,10000.0
3407,10000.0
3408,10000.0
3409,10000.0
3410,10000.0
3411,10000.0
3412,10000.0
3413,10000.0
3414,10000.0
3415,10000.0
3416,10000.0
3417,10000.0
3418,10000.0
3419,10000.0
3420,10000.0
3421,10000.0
3422,10000.0
3423,10000.0
3424,10000.0
3425,10000.0
3426,10000.0
3427,10000.0
3428,10000.0
3429,10000.0
3430,10000.0
3431,10000.0
3432,10000.0
3433,10000.0
3434,10000.0
3435,10000.0
3436,10000.0
3437,10000.0
3438,10000.0
3439,10000.0
3440,10000.0
3441,10000.0
3442,10000.0
3443,10000.0
3444,10000.0
3445,10000.0
3446,10000.0
3447,10000.0
3448,10000.0
3449,10000.0
3450,10000.0
3451,10000.0
3452,10000.0
3453,10000.0
3454,10000.0
3455,10000.0
3456,10000.0
3457,10000.0
3458,10000.0
3459,10000.0
3460,10000.0
3461,10000.0
3462,10000.0
3463,10000.0
3464,10000.0
3465,10000.0
3466,10000.0
3467,10000.0
3468,10000.0
3469,10000.0
3470,10000.0
3471,10000.0
3472,10000.0
3473,10000.0
3474,10000.0
3475,10000.0
3476,10000.0
3477,10000.0
3478,10000.0
3479,10000.0
3480,10000.0
3481,10000.0
3482,10000.0
3483,10000.0
3484,10000.0
3485,10000.0
3486,10000.0
3487,10000.0
3488,10000.0
3489,10000.0
3490,10000.0
3491,10000.0
3492,10000.0
3493,10000.0
3494,10000.0
3495,10000.0
3496,10000.0
3497,10000.0
3498,10000.0
3499,10000.0
3500,10000.0
3501,10000.0
3502,10000.0
3503,10000.0
3504,10000.0
3505,10000.0
3506,10000.0
3507,10000.0
3508,10000.0
3509,10000.0
3510,10000.0
3511,10000.0
3512,10000.0
3513,10000.0
3514,10000.0
3515,10000.0
3516,10000.0
3517,10000.0
3518,10000.0
3519,10000.0
3520,10000.0
3521,10000.0
3522,10000.0
3523,10000.0
3524,10000.0
3525,10000.0
3526,10000.0
3527,10000.0
3528,10000.0
3529,10000.0
3530,10000.0
3531,10000.0
3532,10000.0
3533,10000.0
3534,10000.0
3535,10000.0
3536,10000.0
3537,10000.0
3538,10000.0
3539,10000.0
3540,10000.0
3541,10000.0
3542,10000.0
3543,10000.0
3544,10000.0
3545,10000.0
3546,10000.0
3547,10000.0
3548,10000.0
3549,10000.0
3550,10000.0
3551,10000.0
3552,10000.0
3553,10000.0
3554,10000.0
3555,10000.0
3556,10000.0
3557,10000.0
3558,10000.0
3559,10000.0
3560,10000.0
3561,10000.0
3562,10000.0
3563,10000.0
3564,10000.0
3565,10000.0
3566,10000.0
3567,10000.0
3568,10000.0
3569,10000.0
3570,10000.0
3571,10000.0
3572,10000.0
3573,10000.0
3574,10000.0
3575,10000.0
3576,10000.0
3577,10000.0
3578,10000.0
3579,10000.0
3580,10000.0
3581,10000.0
3582,10000.0
3583,10000.0
3584,10000.0
3585,10000.0
3586,10000.0
3587,10000.0
3588,10000.0
3589,10000.0
3590,10000.0
3591,10000.0
3592,10000.0
3593,10000.0
3594,10000.0
3595,10000.0
3596,10000.0
3597,10000.0
3598,10000.0
3599,10000.0
3600,10000.0
3601,10000.0
3602,10000.0
3603,10000.0
3604,10000.0
3605,10000.0
3606,10000.0
3607,10000.0
3608,10000.0
3609,10000.0
3610,10000.0
3611,10000.0
3612,10000.0
3613,10000.0
3614,10000.0
3615,10000.0
3616,10000.0
3617,10000.0
3618,10000.0
3619,10000.0
3620,10000.0
3621,10000.0
3622,10000.0
3623,10000.0
3624,10000.0
3625,10000.0
3626,10000.0
3627,10000.0
3628,10000.0
3629,10000.0
3630,10000.0
3631,10000.0
3632,10000.0
3633,10000.0
3634,10000.0
3635,10000.0
3636,10000.0
3637,10000.0
3638,10000.0
3639,10000.0
3640,10000.0
3641,10000.0
3642,10000.0
3643,10000.0
3644,10000.0
3645,10000.0
3646,10000.0
3647,10000.0
3648,10000.0
3649,10000.0
3650,10000.0
3651,10000.0
3652,10000.0
3653,10000.0
3654,10000.0
3655,10000.0
3656,10000.0
3657,10000.0
3658,10000.0
3659,10000.0
3660,10000.0
3661,10000.0
3662,10000.0
3663,10000.0
3664,10000.0
3665,10000.0
3666,10000.0
3667,10000.0
3668,10000.0
3669,10000.0
3670,10000.0
3671,10000.0
3672,10000.0
3673,10000.0
3674,10000.0
3675,10000.0
3676,10000.0
3677,10000.0
3678,10000.0
3679,10000.0
3680,10000.0
3681,10000.0
3682,10000.0
3683,10000.0
3684,10000.0
3685,10000.0
3686,10000.0
3687,10000.0
3688,10000.0
3689,10000.0
3690,10000.0
3691,10000.0
3692,10000.0
3693,10000.0
3694,10000.0
3695,10000.0
3696,10000.0
3697,10000.0
3698,10000.0
3699,10000.0
3700,10000.0
3701,10000.0
3702,10000.0
3703,10000.0
3704,10000.0
3705,10000.0
3706,10000.0
3707,10000.0
3708,10000.0
3709,10000.0
3710,10000.0
3711,10000.0
3712,10000.0
3713,10000.0
3714,10000.0
3715,10000.0
3716,10000.0
3717,10000.0
3718,10000.0
3719,10000.0
3720,10000.0
3721,10000.0
3722,10000.0
3723,10000.0
3724,10000.0
3725,10000.0
3726,10000.0
3727,10000.0
3728,10000.0
3729,10000.0
3730,10000.0
3731,10000.0
3732,10000.0
3733,10000.0
3734,10000.0
3735,10000.0
3736,10000.0
3737,10000.0
3738,10000.0
3739,10000.0
3740,10000.0
3741,10000.0
3742,10000.0
3743,10000.0
3744,10000.0
3745,10000.0
3746,10000.0
3747,10000.0
3748,10000.0
3749,10000.0
3750,10000.0
3751,10000.0
3752,10000.0
3753,10000.0
3754,10000.0
3755,10000.0
3756,10000.0
3757,10000.0
3758,10000.0
3759,10000.0
3760,10000.0
3761,10000.0
3762,10000.0
3763,10000.0
3764,10000.0
3765,10000.0
3766,10000.0
3767,10000.0
3768,10000.0
3769,10000.0
3770,10000.0
3771,10000.0
3772,10000.0
3773,10000.0
3774,10000.0
3775,10000.0
3776,10000.0
3777,10000.0
3778,10000.0
3779,10000.0
3780,10000.0
3781,10000.0
3782,10000.0
3783,10000.0
3784,10000.0
3785,10000.0
3786,10000.0
3787,10000.0
3788,10000.0
3789,10000.0
3790,10000.0
3791,10000.0
3792,10000.0
3793,10000.0
3794,10000.0
3795,10000.0
3796,10000.0
3797,10000.0
3798,10000.0
3799,10000.0
3800,10000.0
3801,10000.0
3802,10000.0
3803,10000.0
3804,10000.0
3805,10000.0
3806,10000.0
3807,10000.0
3808,10000.0
3809,10000.0
3810,10000.0
3811,10000.0
3812,10000.0
3813,10000.0
3814,10000.0
3815,10000.0
3816,10000.0
3817,10000.0
3818,10000.0
3819,10000.0
3820,10000.0
3821,10000.0
3822,10000.0
3823,10000.0
3824,10000.0
3825,10000.0
3826,10000.0
3827,10000.0
3828,10000.0
3829,10000.0
3830,10000.0
3831,10000.0
3832,10000.0
3833,10000.0
3834,10000.0
3835,10000.0
3836,10000.0
3837,10000.0
3838,10000.0
3839,10000.0
3840,10000.0
3841,10000.0
3842,10000.0
3843,10000.0
3844,10000.0
3845,10000.0
3846,10000.0
3847,10000.0
3848,10000.0
3849,10000.0
3850,10000.0
3851,10000.0
3852,10000.0
3853,10000.0
3854,10000.0
3855,10000.0
3856,10000.0
3857,10000.0
3858,10000.0
3859,10000.0
3860,10000.0
3861,10000.0
3862,10000.0
3863,10000.0
3864,10000.0
3865,10000.0
3866,10000.0
3867,10000.0
3868,10000.0
3869,10000.0
3870,10000.0
3871,10000.0
3872,10000.0
3873,10000.0
3874,10000.0
3875,10000.0
3876,10000.0
3877,10000.0
3878,10000.0
3879,10000.0
3880,10000.0
3881,10000.0
3882,10000.0
3883,10000.0
3884,10000.0
3885,10000.0
3886,10000.0
3887,10000.0
3888,10000.0
3889,10000.0
3890,10000.0
3891,10000.0
3892,10000.0
3893,10000.0
3894,10000.0
3895,10000.0
3896,10000.0
3897,10000.0
3898,10000.0
3899,10000.0
3900,10000.0
3901,10000.0
3902,10000.0
3903,10000.0
3904,10000.0
3905,10000.0
3906,10000.0
3907,10000.0
3908,10000.0
3909,10000.0
3910,10000.0
3911,10000.0
3912,10000.0
3913,10000.0
3914,10000.0
3915,10000.0
3916,10000.0
3917,10000.0
3918,10000.0
3919,10000.0
3920,10000.0
3921,10000.0
3922,10000.0
3923,10000.0
3924,10000.0
3925,10000.0
3926,10000.0
3927,10000.0
3928,10000.0
3929,10000.0
3930,10000.0
3931,10000.0
3932,10000.0
3933,10000.0
3934,10000.0
3935,10000.0
3936,10000.0
3937,10000.0
3938,10000.0
3939,10000.0
3940,10000.0
3941,10000.0
3942,10000.0
3943,10000.0
3944,10000.0
3945,10000.0
3946,10000.0
3947,10000.0
3948,10000.0
3949,10000.0
3950,10000.0
3951,10000.0
3952,10000.0
3953,10000.0
3954,10000.0
3955,10000.0
3956,10000.0
3957,10000.0
3958,10000.0
3959,10000.0
3960,10000.0
3961,10000.0
3962,10000.0
3963,10000.0
3964,10000.0
3965,10000.0
3966,10000.0
3967,10000.0
3968,10000.0
3969,10000.0
3970,10000.0
3971,10000.0
3972,10000.0
3973,10000.0
3974,10000.0
3975,10000.0
3976,10000.0
3977,10000.0
3978,10000.0
3979,10000.0
3980,10000.0
3981,10000.0
3982,10000.0
3983,10000.0
3984,10000.0
3985,10000.0
3986,10000.0
3987,10000.0
3988,10000.0
3989,10000.0
3990,10000.0
3991,10000.0
3992,10000.0
3993,10000.0
3994,10000.0
3995,10000.0
3996,10000.0
3997,10000.0
3998,10000.0
3999,10000.0
4000,10000.0
4001,10000.0
4002,10000.0
4003,10000.0
4004,10000.0
4005,10000.0
4006,10000.0
4007,10000.0
4008,10000.0
4009,10000.0
4010,10000.0
4011,10000.0
4012,10000.0
4013,10000.0
4014,10000.0
4015,10000.0
4016,10000.0
4017,10000.0
4018,10000.0
4019,10000.0
4020,10000.0
4021,10000.0
4022,10000.0
4023,10000.0
4024,10000.0
4025,10000.0
4026,10000.0
4027,10000.0
4028,10000.0
4029,10000.0
4030,10000.0
4031,10000.0
4032,10000.0
4033,10000.0
4034,10000.0
4035,10000.0
4036,10000.0
4037,10000.0
4038,10000.0
4039,10000.0
4040,10000.0
4041,10000.0
4042,10000.0
4043,10000.0
4044,10000.0
4045,10000.0
4046,10000.0
4047,10000.0
4048,10000.0
4049,10000.0
4050,10000.0
4051,10000.0
4052,10000.0
4053,10000.0
4054,10000.0
4055,10000.0
4056,10000.0
4057,10000.0
4058,10000.0
4059,10000.0
4060,10000.0
4061,10000.0
4062,10000.0
4063,10000.0
4064,10000.0
4065,10000.0
4066,10000.0
4067,10000.0
4068,10000.0
4069,10000.0
4070,10000.0
4071,10000.0
4072,10000.0
4073,10000.0
4074,10000.0
4075,10000.0
4076,10000.0
4077,10000.0
4078,10000.0
4079,10000.0
4080,10000.0
4081,10000.0
4082,10000.0
4083,10000.0
4084,10000.0
4085,10000.0
4086,10000.0
4087,10000.0
4088,10000.0
4089,10000.0
4090,10000.0
4091,10000.0
4092,10000.0
4093,10000.0
4094,10000.0
4095,10000.0
4096,10000.0
4097,10000.0
4098,10000.0
4099,10000.0
4100,10000.0
4101,10000.0
4102,10000.0
4103,10000.0
4104,10000.0
4105,10000.0
4106,10000.0
4107,10000.0
4108,10000.0
4109,10000.0
4110,10000.0
4111,10000.0
4112,10000.0
4113,10000.0
4114,10000.0
4115,10000.0
4116,10000.0
4117,10000.0
4118,10000.0
4119,10000.0
4120,10000.0
4121,10000.0
4122,10000.0
4123,10000.0
4124,10000.0
4125,10000.0
4126,10000.0
4127,10000.0
4128,10000.0
4129,10000.0
4130,10000.0
4131,10000.0
4132,10000.0
4133,10000.0
4134,10000.0
4135,10000.0
4136,10000.0
4137,10000.0
4138,10000.0
4139,10000.0
4140,10000.0
4141,10000.0
4142,10000.0
4143,10000.0
4144,10000.0
4145,10000.0
4146,10000.0
4147,10000.0
4148,10000.0
4149,10000.0
4150,10000.0
4151,10000.0
4152,10000.0
4153,10000.0
4154,10000.0
4155,10000.0
4156,10000.0
4157,10000.0
4158,10000.0
4159,10000.0
4160,10000.0
4161,10000.0
4162,10000.0
4163,10000.0
4164,10000.0
4165,10000.0
4166,10000.0
4167,10000.0
4168,10000.0
4169,10000.0
4170,10000.0
4171,10000.0
4172,10000.0
4173,10000.0
4174,10000.0
4175,10000.0
4176,10000.0
4177,10000.0
4178,10000.0
4179,10000.0
4180,10000.0
4181,10000.0
4182,10000.0
4183,10000.0
4184,10000.0
4185,10000.0
4186,10000.0
4187,10000.0
4188,10000.0
4189,10000.0
4190,10000.0
4191,10000.0
4192,10000.0
4193,10000.0
4194,10000.0
4195,10000.0
4196,10000.0
4197,10000.0
4198,10000.0
4199,10000.0
4200,10000.0
4201,10000.0
4202,10000.0
4203,10000.0
4204,10000.0
4205,10000.0
4206,10000.0
4207,10000.0
4208,10000.0
4209,10000.0
4210,10000.0
4211,10000.0
4212,10000.0
4213,10000.0
4214,10000.0
4215,10000.0
4216,10000.0
4217,10000.0
4218,10000.0
4219,10000.0
4220,10000.0
4221,10000.0
4222,10000.0
4223,10000.0
4224,10000.0
4225,10000.0
4226,10000.0
4227,10000.0
4228,10000.0
4229,10000.0
4230,10000.0
4231,10000.0
4232,10000.0
4233,10000.0
4234,10000.0
4235,10000.0
4236,10000.0
4237,10000.0
4238,10000.0
4239,10000.0
4240,10000.0
4241,10000.0
4242,10000.0
4243,10000.0
4244,10000.0
4245,10000.0
4246,10000.0
4247,10000.0
4248,10000.0
4249,10000.0
4250,10000.0
4251,10000.0
4252,10000.0
4253,10000.0
4254,10000.0
4255,10000.0
4256,10000.0
4257,10000.0
4258,10000.0
4259,10000.0
4260,10000.0
4261,10000.0
4262,10000.0
4263,10000.0
4264,10000.0
4265,10000.0
4266,10000.0
4267,10000.0
4268,10000.0
4269,10000.0
4270,10000.0
4271,10000.0
4272,10000.0
4273,10000.0
4274,10000.0
4275,10000.0
4276,10000.0
4277,10000.0
4278,10000.0
4279,10000.0
4280,10000.0
4281,10000.0
4282,10000.0
4283,10000.0
4284,10000.0
4285,10000.0
4286,10000.0
4287,10000.0
4288,10000.0
4289,10000.0
4290,10000.0
4291,10000.0
4292,10000.0
4293,10000.0
4294,10000.0
4295,10000.0
4296,10000.0
4297,10000.0
4298,10000.0
4299,10000.0
4300,10000.0
4301,10000.0
4302,10000.0
4303,10000.0
4304,10000.0
4305,10000.0
4306,10000.0
4307,10000.0
4308,10000.0
4309,10000.0
4310,10000.0
4311,10000.0
4312,10000.0
4313,10000.0
4314,10000.0
4315,10000.0
4316,10000.0
4317,10000.0
4318,10000.0
4319,10000.0
4320,10000.0
4321,10000.0
4322,10000.0
4323,10000.0
4324,10000.0
4325,10000.0
4326,10000.0
4327,10000.0
4328,10000.0
4329,10000.0
4330,10000.0
4331,10000.0
4332,10000.0
4333,10000.0
4334,10000.0
4335,10000.0
4336,10000.0
4337,10000.0
4338,10000.0
4339,10000.0
4340,10000.0
4341,10000.0
4342,10000.0
4343,10000.0
4344,10000.0
4345,10000.0
4346,10000.0
4347,10000.0
4348,10000.0
4349,10000.0
4350,10000.0
4351,10000.0
4352,10000.0
4353,10000.0
4354,10000.0
4355,10000.0
4356,10000.0
4357,10000.0
4358,10000.0
4359,10000.0
4360,10000.0
4361,10000.0
4362,10000.0
4363,10000.0
4364,10000.0
4365,10000.0
4366,10000.0
4367,10000.0
4368,10000.0
4369,10000.0
4370,10000.0
4371,10000.0
4372,10000.0
4373,10000.0
4374,10000.0
4375,10000.0
4376,10000.0
4377,10000.0
4378,10000.0
4379,10000.0
4380,10000.0
4381,10000.0
4382,10000.0
4383,10000.0
4384,10000.0
4385,10000.0
4386,10000.0
4387,10000.0
4388,10000.0
4389,10000.0
4390,10000.0
4391,10000.0
4392,10000.0
4393,10000.0
4394,10000.0
4395,10000.0
4396,10000.0
4397,10000.0
4398,10000.0
4399,10000.0
4400,10000.0
4401,10000.0
4402,10000.0
4403,10000.0
4404,10000.0
4405,10000.0
4406,10000.0
4407,10000.0
4408,10000.0
4409,10000.0
4410,10000.0
4411,10000.0
4412,10000.0
4413,10000.0
4414,10000.0
4415,10000.0
4416,10000.0
4417,10000.0
4418,10000.0
4419,10000.0
4420,10000.0
4421,10000.0
4422,10000.0
4423,10000.0
4424,10000.0
4425,10000.0
4426,10000.0
4427,10000.0
4428,10000.0
4429,10000.0
4430,10000.0
4431,10000.0
4432,10000.0
4433,10000.0
4434,10000.0
4435,10000.0
4436,10000.0
4437,10000.0
4438,10000.0
4439,10000.0
4440,10000.0
4441,10000.0
4442,10000.0
4443,10000.0
4444,10000.0
4445,10000.0
4446,10000.0
4447,10000.0
4448,10000.0
4449,10000.0
4450,10000.0
4451,10000.0
4452,10000.0
4453,10000.0
4454,10000.0
4455,10000.0
4456,10000.0
4457,10000.0
4458,10000.0
4459,10000.0
4460,10000.0
4461,10000.0
4462,10000.0
4463,10000.0
4464,10000.0
4465,10000.0
4466,10000.0
4467,10000.0
4468,10000.0
4469,10000.0
4470,10000.0
4471,10000.0
4472,10000.0
4473,10000.0
4474,10000.0
4475,10000.0
4476,10000.0
4477,10000.0
4478,10000.0
4479,10000.0
4480,10000.0
4481,10000.0
4482,10000.0
4483,10000.0
4484,10000.0
4485,10000.0
4486,10000.0
4487,10000.0
4488,10000.0
4489,10000.0
4490,10000.0
4491,10000.0
4492,10000.0
4493,10000.0
4494,10000.0
4495,10000.0
4496,10000.0
4497,10000.0
4498,10000.0
4499,10000.0
4500,10000.0
4501,10000.0
4502,10000.0
4503,10000.0
4504,10000.0
4505,10000.0
4506,10000.0
4507,10000.0
4508,10000.0
4509,10000.0
4510,10000.0
4511,10000.0
4512,10000.0
4513,10000.0
4514,10000.0
4515,10000.0
4516,10000.0
4517,10000.0
4518,10000.0
4519,10000.0
4520,10000.0
4521,10000.0
4522,10000.0
4523,10000.0
4524,10000.0
4525,10000.0
4526,10000.0
4527,10000.0
4528,10000.0
4529,10000.0
4530,10000.0
4531,10000.0
4532,10000.0
4533,10000.0
4534,10000.0
4535,10000.0
4536,10000.0
4537,10000.0
4538,10000.0
4539,10000.0
4540,10000.0
4541,10000.0
4542,10000.0
4543,10000.0
4544,10000.0
4545,10000.0
4546,10000.0
4547,10000.0
4548,10000.0
4549,10000.0
4550,10000.0
4551,10000.0
4552,10000.0
4553,10000.0
4554,10000.0
4555,10000.0
4556,10000.0
4557,10000.0
4558,10000.0
4559,10000.0
4560,10000.0
4561,10000.0
4562,10000.0
4563,10000.0
4564,10000.0
4565,10000.0
4566,10000.0
4567,10000.0
4568,10000.0
4569,10000.0
4570,10000.0
4571,10000.0
4572,10000.0
4573,10000.0
4574,10000.0
4575,10000.0
4576,10000.0
4577,10000.0
4578,10000.0
4579,10000.0
4580,10000.0
4581,10000.0
4582,10000.0
4583,10000.0
4584,10000.0
4585,10000.0
4586,10000.0
4587,10000.0
4588,10000.0
4589,10000.0
4590,10000.0
4591,10000.0
4592,10000.0
4593,10000.0
4594,10000.0
4595,10000.0
4596,10000.0
4597,10000.0
4598,10000.0
4599,10000.0
4600,10000.0
4601,10000.0
4602,10000.0
4603,10000.0
4604,10000.0
4605,10000.0
4606,10000.0
4607,10000.0
4608,10000.0
4609,10000.0
4610,10000.0
4611,10000.0
4612,10000.0
4613,10000.0
4614,10000.0
4615,10000.0
4616,10000.0
4617,10000.0
4618,10000.0
4619,10000.0
4620,10000.0
4621,10000.0
4622,10000.0
4623,10000.0
4624,10000.0
4625,10000.0
4626,10000.0
4627,10000.0
4628,10000.0
4629,10000.0
4630,10000.0
4631,10000.0
4632,10000.0
4633,10000.0
4634,10000.0
4635,10000.0
4636,10000.0
4637,10000.0
4638,10000.0
4639,10000.0
4640,10000.0
4641,10000.0
4642,10000.0
4643,10000.0
4644,10000.0
4645,10000.0
4646,10000.0
4647,10000.0
4648,10000.0
4649,10000.0
4650,10000.0
4651,10000.0
4652,10000.0
4653,10000.0
4654,10000.0
4655,10000.0
4656,10000.0
4657,10000.0
4658,10000.0
4659,10000.0
4660,10000.0
4661,10000.0
4662,10000.0
4663,10000.0
4664,10000.0
4665,10000.0
4666,10000.0
4667,10000.0
4668,10000.0
4669,10000.0
4670,10000.0
4671,10000.0
4672,10000.0
4673,10000.0
4674,10000.0
4675,10000.0
4676,10000.0
4677,10000.0
4678,10000.0
4679,10000.0
4680,10000.0
4681,10000.0
4682,10000.0
4683,10000.0
4684,10000.0
4685,10000.0
4686,10000.0
4687,10000.0
4688,10000.0
4689,10000.0
4690,10000.0
4691,10000.0
4692,10000.0
4693,10000.0
4694,10000.0
4695,10000.0
4696,10000.0
4697,10000.0
4698,10000.0
4699,10000.0
4700,10000.0
4701,10000.0
4702,10000.0
4703,10000.0
4704,10000.0
4705,10000.0
4706,10000.0
4707,10000.0
4708,10000.0
4709,10000.0
4710,10000.0
4711,10000.0
4712,10000.0
4713,10000.0
4714,10000.0
4715,10000.0
4716,10000.0
4717,10000.0
4718,10000.0
4719,10000.0
4720,10000.0
4721,10000.0
4722,10000.0
4723,10000.0
4724,10000.0
4725,10000.0
4726,10000.0
4727,10000.0
4728,10000.0
4729,10000.0
4730,10000.0
4731,10000.0
4732,10000.0
4733,10000.0
4734,10000.0
4735,10000.0
4736,10000.0
4737,10000.0
4738,10000.0
4739,10000.0
4740,10000.0
4741,10000.0
4742,10000.0
4743,10000.0
4744,10000.0
4745,10000.0
4746,10000.0
4747,10000.0
4748,10000.0
4749,10000.0
4750,10000.0
4751,10000.0
4752,10000.0
4753,10000.0
4754,10000.0
4755,10000.0
4756,10000.0
4757,10000.0
4758,10000.0
4759,10000.0
4760,10000.0
4761,10000.0
4762,10000.0
4763,10000.0
4764,10000.0
4765,10000.0
4766,10000.0
4767,10000.0
4768,10000.0
4769,10000.0
4770,10000.0
4771,10000.0
4772,10000.0
4773,10000.0
4774,10000.0
4775,10000.0
4776,10000.0
4777,10000.0
4778,10000.0
4779,10000.0
4780,10000.0
4781,10000.0
4782,10000.0
4783,10000.0
4784,10000.0
4785,10000.0
4786,10000.0
4787,10000.0
4788,10000.0
4789,10000.0
4790,10000.0
4791,10000.0
4792,10000.0
4793,10000.0
4794,10000.0
4795,10000.0
4796,10000.0
4797,10000.0
4798,10000.0
4799,10000.0
4800,10000.0
4801,10000.0
4802,10000.0
4803,10000.0
4804,10000.0
4805,10000.0
4806,10000.0
4807,10000.0
4808,10000.0
4809,10000.0
4810,10000.0
4811,10000.0
4812,10000.0
4813,10000.0
4814,10000.0
4815,10000.0
4816,10000.0
4817,10000.0
4818,10000.0
4819,10000.0
4820,10000.0
4821,10000.0
4822,10000.0
4823,10000.0
4824,10000.0
4825,10000.0
4826,10000.0
4827,10000.0
4828,10000.0
4829,10000.0
4830,10000.0
4831,10000.0
4832,10000.0
4833,10000.0
4834,10000.0
4835,10000.0
4836,10000.0
4837,10000.0
4838,10000.0
4839,10000.0
4840,10000.0
4841,10000.0
4842,10000.0
4843,10000.0
4844,10000.0
4845,10000.0
4846,10000.0
4847,10000.0
4848,10000.0
4849,10000.0
4850,10000.0
4851,10000.0
4852,10000.0
4853,10000.0
4854,10000.0
4855,10000.0
4856,10000.0
4857,10000.0
4858,10000.0
4859,10000.0
4860,10000.0
4861,10000.0
4862,10000.0
4863,10000.0
4864,10000.0
4865,10000.0
4866,10000.0
4867,10000.0
4868,10000.0
4869,10000.0
4870,10000.0
4871,10000.0
4872,10000.0
4873,10000.0
4874,10000.0
4875,10000.0
4876,10000.0
4877,10000.0
4878,10000.0
4879,10000.0
4880,10000.0
4881,10000.0
4882,10000.0
4883,10000.0
4884,10000.0
4885,10000.0
4886,10000.0
4887,10000.0
4888,10000.0
4889,10000.0
4890,10000.0
4891,10000.0
4892,10000.0
4893,10000.0
4894,10000.0
4895,10000.0
4896,10000.0
4897,10000.0
4898,10000.0
4899,10000.0
4900,10000.0
4901,10000.0
4902,10000.0
4903,10000.0
4904,10000.0
4905,10000.0
4906,10000.0
4907,10000.0
4908,10000.0
4909,10000.0
4910,10000.0
4911,10000.0
4912,10000.0
4913,10000.0
4914,10000.0
4915,10000.0
4916,10000.0
4917,10000.0
4918,10000.0
4919,10000.0
4920,10000.0
4921,10000.0
4922,10000.0
4923,10000.0
4924,10000.0
4925,10000.0
4926,10000.0
4927,10000.0
4928,10000.0
4929,10000.0
4930,10000.0
4931,10000.0
4932,10000.0
4933,10000.0
4934,10000.0
4935,10000.0
4936,10000.0
4937,10000.0
4938,10000.0
4939,10000.0
4940,10000.0
4941,10000.0
4942,10000.0
4943,10000.0
4944,10000.0
4945,10000.0
4946,10000.0
4947,10000.0
4948,10000.0
4949,10000.0
4950,10000.0
4951,10000.0
4952,10000.0
4953,10000.0
4954,10000.0
4955,10000.0
4956,10000.0
4957,10000.0
4958,10000.0
4959,10000.0
4960,10000.0
4961,10000.0
4962,10000.0
4963,10000.0
4964,10000.0
4965,10000.0
4966,10000.0
4967,10000.0
4968,10000.0
4969,10000.0
4970,10000.0
4971,10000.0
4972,10000.0
4973,10000.0
4974,10000.0
4975,10000.0
4976,10000.0
4977,10000.0
4978,10000.0
4979,10000.0
4980,10000.0
4981,10000.0
4982,10000.0
4983,10000.0
4984,10000.0
4985,10000.0
4986,10000.0
4987,10000.0
4988,10000.0
4989,10000.0
4990,10000.0
4991,10000.0
4992,10000.0
4993,10000.0
4994,10000.0
4995,10000.0
4996,10000.0
4997,10000.0
4998,10000.0
4999,10000.0
5000,10000.0
5001,10000.0
5002,10000.0
5003,10000.0
5004,10000.0
5005,10000.0
5006,10000.0
5007,10000.0
5008,10000.0
5009,10000.0
5010,10000.0
5011,10000.0
5012,10000.0
5013,10000.0
5014,10000.0
5015,10000.0
5016,10000.0
5017,10000.0
5018,10000.0
5019,10000.0
5020,10000.0
5021,10000.0
5022,10000.0
5023,10000.0
5024,10000.0
5025,10000.0
5026,10000.0
5027,10000.0
5028,10000.0
5029,10000.0
5030,10000.0
5031,10000.0
5032,10000.0
5033,10000.0
5034,10000.0
5035,10000.0
5036,10000.0
5037,10000.0
5038,10000.0
5039,10000.0
5040,10000.0
5041,10000.0
5042,10000.0
5043,10000.0
5044,10000.0
5045,10000.0
5046,10000.0
5047,10000.0
5048,10000.0
5049,10000.0
5050,10000.0
5051,10000.0
5052,10000.0
5053,10000.0
5054,10000.0
5055,10000.0
5056,10000.0
5057,10000.0
5058,10000.0
5059,10000.0
5060,10000.0
5061,10000.0
5062,10000.0
5063,10000.0
5064,10000.0
5065,10000.0
5066,10000.0
5067,10000.0
5068,10000.0
5069,10000.0
5070,10000.0
5071,10000.0
5072,10000.0
5073,10000.0
5074,10000.0
5075,10000.0
5076,10000.0
5077,10000.0
5078,10000.0
5079,10000.0
5080,10000.0
5081,10000.0
5082,10000.0
5083,10000.0
5084,10000.0
5085,10000.0
5086,10000.0
5087,10000.0
5088,10000.0
5089,10000.0
5090,10000.0
5091,10000.0
5092,10000.0
5093,10000.0
5094,10000.0
5095,10000.0
5096,10000.0
5097,10000.0
5098,10000.0
5099,10000.0
5100,10000.0
5101,10000.0
5102,10000.0
5103,10000.0
5104,10000.0
5105,10000.0
5106,10000.0
5107,10000.0
5108,10000.0
5109,10000.0
5110,10000.0
5111,10000.0
5112,10000.0
5113,10000.0
5114,10000.0
5115,10000.0
5116,10000.0
5117,10000.0
5118,10000.0
5119,10000.0
5120,10000.0
5121,10000.0
5122,10000.0
5123,10000.0
5124,10000.0
5125,10000.0
5126,10000.0
5127,10000.0
5128,10000.0
5129,10000.0
5130,10000.0
5131,10000.0
5132,10000.0
5133,10000.0
5134,10000.0
5135,10000.0
5136,10000.0
5137,10000.0
5138,10000.0
5139,10000.0
5140,10000.0
5141,10000.0
5142,10000.0
5143,10000.0
5144,10000.0
5145,10000.0
5146,10000.0
5147,10000.0
5148,10000.0
5149,10000.0
5150,10000.0
5151,10000.0
5152,10000.0
5153,10000.0
5154,10000.0
5155,10000.0
5156,10000.0
5157,10000.0
5158,10000.0
5159,10000.0
5160,10000.0
5161,10000.0
5162,10000.0
5163,10000.0
5164,10000.0
5165,10000.0
5166,10000.0
5167,10000.0
5168,10000.0
5169,10000.0
5170,10000.0
5171,10000.0
5172,10000.0
5173,10000.0
5174,10000.0
5175,10000.0
5176,10000.0
5177,10000.0
5178,10000.0
5179,10000.0
5180,10000.0
5181,10000.0
5182,10000.0
5183,10000.0
5184,10000.0
5185,10000.0
5186,10000.0
5187,10000.0
5188,10000.0
5189,10000.0
5190,10000.0
5191,10000.0
5192,10000.0
5193,10000.0
5194,10000.0
5195,10000.0
5196,10000.0
5197,10000.0
5198,10000.0
5199,10000.0
5200,10000.0
5201,10000.0
5202,10000.0
5203,10000.0
5204,10000.0
5205,10000.0
5206,10000.0
5207,10000.0
5208,10000.0
5209,10000.0
5210,10000.0
5211,10000.0
5212,10000.0
5213,10000.0
5214,10000.0
5215,10000.0
5216,10000.0
5217,10000.0
5218,10000.0
5219,10000.0
5220,10000.0
5221,10000.0
5222,10000.0
5223,10000.0
5224,10000.0
5225,10000.0
5226,10000.0
5227,10000.0
5228,10000.0
5229,10000.0
5230,10000.0
5231,10000.0
5232,10000.0
5233,10000.0
5234,10000.0
5235,10000.0
5236,10000.0
5237,10000.0
5238,10000.0
5239,10000.0
5240,10000.0
5241,10000.0
5242,10000.0
5243,10000.0
5244,10000.0
5245,10000.0
5246,10000.0
5247,10000.0
5248,10000.0
5249,10000.0
5250,10000.0
5251,10000.0
5252,10000.0
5253,10000.0
5254,10000.0
5255,10000.0
5256,10000.0
5257,10000.0
5258,10000.0
5259,10000.0
5260,10000.0
5261,10000.0
5262,10000.0
5263,10000.0
5264,10000.0
5265,10000.0
5266,10000.0
5267,10000.0
5268,10000.0
5269,10000.0
5270,10000.0
5271,10000.0
5272,10000.0
5273,10000.0
5274,10000.0
5275,10000.0
5276,10000.0
5277,10000.0
5278,10000.0
5279,10000.0
5280,10000.0
5281,10000.0
5282,10000.0
5283,10000.0
5284,10000.0
5285,10000.0
5286,10000.0
5287,10000.0
5288,10000.0
5289,10000.0
5290,10000.0
5291,10000.0
5292,10000.0
5293,10000.0
5294,10000.0
5295,10000.0
5296,10000.0
5297,10000.0
5298,10000.0
5299,10000.0
5300,10000.0
5301,10000.0
5302,10000.0
5303,10000.0
5304,10000.0
5305,10000.0
5306,10000.0
5307,10000.0
5308,10000.0
5309,10000.0
5310,10000.0
5311,10000.0
5312,10000.0
5313,10000.0
5314,10000.0
5315,10000.0
5316,10000.0
5317,10000.0
5318,10000.0
5319,10000.0
5320,10000.0
5321,10000.0
5322,10000.0
5323,10000.0
5324,10000.0
5325,10000.0
5326,10000.0
5327,10000.0
5328,10000.0
5329,10000.0
5330,10000.0
5331,10000.0
5332,10000.0
5333,10000.0
5334,10000.0
5335,10000.0
5336,10000.0
5337,10000.0
5338,10000.0
5339,10000.0
5340,10000.0
5341,10000.0
5342,10000.0
5343,10000.0
5344,10000.0
5345,10000.0
5346,10000.0
5347,10000.0
5348,10000.0
5349,10000.0
5350,10000.0
5351,10000.0
5352,10000.0
5353,10000.0
5354,10000.0
5355,10000.0
5356,10000.0
5357,10000.0
5358,10000.0
5359,10000.0
5360,10000.0
5361,10000.0
5362,10000.0
5363,10000.0
5364,10000.0
5365,10000.0
5366,10000.0
5367,10000.0
5368,10000.0
5369,10000.0
5370,10000.0
