timestamp,open,high,low,close,volume
1764893520,92003.0,92003.0,92003.0,92003.0,0.0
1764893580,92003.0,92003.0,92003.0,92003.0,0.0
1764893640,91938.0,91938.0,91896.0,91900.0,0.03976
1764893700,91920.0,91967.0,91920.0,91952.0,0.03133
1764893760,91983.0,91983.0,91983.0,91983.0,0.00717
1764893820,91939.0,91939.0,91939.0,91939.0,0.00168
1764893880,91939.0,91939.0,91939.0,91939.0,0.0
1764893940,91921.0,91995.0,91910.0,91980.0,0.06905
1764894000,91939.0,91939.0,91939.0,91939.0,0.02462
1764894060,91939.0,91939.0,91939.0,91939.0,0.0
1764894120,91939.0,91939.0,91939.0,91939.0,0.0
1764894180,92100.0,92100.0,92100.0,92100.0,0.0002
1764894240,92100.0,92183.0,92100.0,92183.0,0.00855
1764894300,92183.0,92183.0,92183.0,92183.0,0.0
1764894360,92201.0,92201.0,92201.0,92201.0,0.00012
1764894420,92201.0,92201.0,92201.0,92201.0,0.0
1764894480,92156.0,92156.0,92156.0,92156.0,0.00623
1764894540,92119.0,92119.0,92119.0,92119.0,0.00016
1764894600,92133.0,92133.0,92133.0,92133.0,0.00067
1764894660,92192.0,92192.0,92192.0,92192.0,0.00015
1764894720,92192.0,92192.0,92192.0,92192.0,0.0
1764894780,92223.0,92223.0,92190.0,92190.0,0.00099
1764894840,92175.0,92175.0,92175.0,92175.0,0.00054
1764894900,92175.0,92175.0,92175.0,92175.0,0.0
1764894960,92125.0,92141.0,92125.0,92141.0,0.00508
1764895020,92141.0,92141.0,92141.0,92141.0,0.0
1764895080,92141.0,92141.0,92141.0,92141.0,0.0
1764895140,92144.0,92144.0,92143.0,92143.0,0.0016
1764895200,92143.0,92143.0,92143.0,92143.0,0.0
1764895260,92169.0,92194.0,92169.0,92171.0,0.0024
1764895320,92186.0,92186.0,92186.0,92186.0,0.00094
1764895380,92220.0,92238.0,92174.0,92200.0,0.34162
1764895440,92200.0,92200.0,92200.0,92200.0,0.0
1764895500,92130.0,92193.0,91965.0,92193.0,0.27549
1764895560,92190.0,92196.0,92154.0,92183.0,0.18017
1764895620,92183.0,92183.0,92183.0,92183.0,0.0
1764895680,92156.0,92156.0,92156.0,92156.0,0.002
1764895740,92180.0,92180.0,92180.0,92180.0,0.00233
1764895800,92180.0,92180.0,92180.0,92180.0,0.0
1764895860,92122.0,92122.0,92122.0,92122.0,0.00798
1764895920,92122.0,92122.0,92122.0,92122.0,0.0
1764895980,92166.0,92166.0,92166.0,92166.0,0.00147
1764896040,92166.0,92166.0,92166.0,92166.0,0.0
1764896100,92052.0,92061.0,92052.0,92061.0,0.00926
1764896160,92061.0,92061.0,92061.0,92061.0,0.0
1764896220,92061.0,92061.0,92061.0,92061.0,0.0
1764896280,92066.0,92087.0,92051.0,92051.0,0.01197
1764896340,92051.0,92051.0,92051.0,92051.0,0.0
1764896400,92135.0,92135.0,92128.0,92128.0,0.00807
1764896460,92128.0,92128.0,92128.0,92128.0,0.0
1764896520,92101.0,92113.0,92101.0,92113.0,0.00193
1764896580,92113.0,92113.0,92113.0,92113.0,0.0
1764896640,92105.0,92105.0,92105.0,92105.0,0.00016
1764896700,92128.0,92128.0,92127.0,92127.0,0.00236
1764896760,92128.0,92202.0,92128.0,92202.0,0.00535
1764896820,92217.0,92243.0,92175.0,92243.0,0.00349
1764896880,92298.0,92300.0,92275.0,92275.0,0.04516
1764896940,92275.0,92275.0,92275.0,92275.0,0.00047
1764897000,92275.0,92275.0,92275.0,92275.0,0.0
1764897060,92275.0,92275.0,92275.0,92275.0,0.0
1764897120,92191.0,92209.0,92191.0,92209.0,0.00132
1764897180,92193.0,92193.0,92192.0,92192.0,0.00114
1764897240,92174.0,92174.0,92093.0,92093.0,0.0574
1764897300,92093.0,92093.0,92093.0,92093.0,0.0
1764897360,92249.0,92249.0,92249.0,92249.0,0.00027
1764897420,92249.0,92249.0,92249.0,92249.0,0.0
1764897480,92261.0,92261.0,92261.0,92261.0,0.0009
1764897540,92261.0,92261.0,92261.0,92261.0,0.0
1764897600,92193.0,92210.0,92193.0,92210.0,0.00139
1764897660,92210.0,92210.0,92210.0,92210.0,0.0
1764897720,92263.0,92263.0,92263.0,92263.0,0.0105
1764897780,92263.0,92263.0,92263.0,92263.0,0.0
1764897840,92275.0,92275.0,92275.0,92275.0,0.00123
1764897900,92275.0,92275.0,92275.0,92275.0,0.01363
1764897960,92275.0,92275.0,92275.0,92275.0,0.00952
1764898020,92275.0,92275.0,92275.0,92275.0,0.0
1764898080,92275.0,92400.0,92275.0,92388.0,0.05862
1764898140,92388.0,92388.0,92388.0,92388.0,0.0
1764898200,92297.0,92297.0,92263.0,92296.0,0.00425
1764898260,92285.0,92286.0,92285.0,92286.0,0.02097
1764898320,92286.0,92286.0,92286.0,92286.0,0.0
1764898380,92321.0,92321.0,92321.0,92321.0,0.00778
1764898440,92264.0,92264.0,92218.0,92218.0,0.00326
1764898500,92218.0,92218.0,92218.0,92218.0,0.0
1764898560,92245.0,92245.0,92245.0,92245.0,0.01
1764898620,92258.0,92258.0,92194.0,92194.0,0.00713
1764898680,92251.0,92251.0,92211.0,92211.0,0.00326
1764898740,92211.0,92211.0,92211.0,92211.0,0.0
1764898800,92211.0,92211.0,92211.0,92211.0,0.0
1764898860,92254.0,92254.0,92247.0,92247.0,0.00072
1764898920,92294.0,92294.0,92294.0,92294.0,0.00081
1764898980,92246.0,92246.0,92246.0,92246.0,0.00094
1764899040,92246.0,92246.0,92246.0,92246.0,0.0
1764899100,92197.0,92226.0,92197.0,92226.0,0.005
1764899160,92226.0,92226.0,92226.0,92226.0,0.0
1764899220,92178.0,92219.0,92153.0,92216.0,0.00409
1764899280,92213.0,92248.0,92213.0,92248.0,0.00736
1764899340,92260.0,92260.0,92260.0,92260.0,0.00043
1764899400,92249.0,92249.0,92249.0,92249.0,0.00032
1764899460,92249.0,92249.0,92249.0,92249.0,0.0
1764899520,92239.0,92239.0,92127.0,92127.0,0.0127
1764899580,92167.0,92167.0,92167.0,92167.0,0.00606
1764899640,92127.0,92127.0,92127.0,92127.0,0.00606
1764899700,92112.0,92112.0,92112.0,92112.0,0.00016
1764899760,92166.0,92166.0,92127.0,92166.0,0.00087
1764899820,92157.0,92159.0,92103.0,92159.0,0.00567
1764899880,92164.0,92164.0,92130.0,92130.0,0.00086
1764899940,92130.0,92130.0,92130.0,92130.0,0.0
1764900000,92143.0,92196.0,92143.0,92153.0,0.0065
1764900060,92153.0,92153.0,92153.0,92153.0,0.0
1764900120,92116.0,92116.0,92116.0,92116.0,0.00034
1764900180,92150.0,92150.0,92150.0,92150.0,0.001
1764900240,92071.0,92115.0,92028.0,92115.0,0.10807
1764900300,92113.0,92113.0,92113.0,92113.0,0.00056
1764900360,92118.0,92118.0,92118.0,92118.0,0.00016
1764900420,92121.0,92121.0,92121.0,92121.0,0.06565
1764900480,92067.0,92067.0,92067.0,92067.0,0.00025
1764900540,92067.0,92097.0,92067.0,92097.0,0.00107
1764900600,92063.0,92063.0,92063.0,92063.0,0.00018
1764900660,92063.0,92063.0,92063.0,92063.0,0.00039
1764900720,92100.0,92100.0,92065.0,92100.0,0.06638
1764900780,92120.0,92120.0,92120.0,92120.0,0.0039
1764900840,92125.0,92126.0,92125.0,92126.0,0.01044
1764900900,92130.0,92181.0,92130.0,92178.0,0.00425
1764900960,92219.0,92219.0,92204.0,92204.0,0.00344
1764901020,92219.0,92219.0,92219.0,92219.0,0.00071
1764901080,92217.0,92273.0,92217.0,92269.0,0.01077
1764901140,92273.0,92332.0,92273.0,92332.0,0.00867
1764901200,92332.0,92332.0,92332.0,92332.0,0.0
1764901260,92332.0,92332.0,92332.0,92332.0,0.0
1764901320,92302.0,92303.0,92302.0,92303.0,0.00112
1764901380,92325.0,92325.0,92325.0,92325.0,0.00027
1764901440,92286.0,92286.0,92261.0,92261.0,0.00082
1764901500,92261.0,92261.0,92261.0,92261.0,0.0
1764901560,92339.0,92339.0,92339.0,92339.0,0.00149
1764901620,92339.0,92339.0,92323.0,92323.0,0.00378
1764901680,92339.0,92339.0,92339.0,92339.0,0.00017
1764901740,92321.0,92354.0,92321.0,92354.0,0.00517
1764901800,92355.0,92355.0,92314.0,92314.0,0.00565
1764901860,92314.0,92314.0,92314.0,92314.0,0.0
1764901920,92347.0,92347.0,92273.0,92273.0,0.0006
1764901980,92296.0,92296.0,92296.0,92296.0,0.00522
1764902040,92293.0,92293.0,92293.0,92293.0,0.00022
1764902100,92293.0,92293.0,92293.0,92293.0,0.0
1764902160,92242.0,92242.0,92242.0,92242.0,0.00022
1764902220,92330.0,92408.0,92330.0,92408.0,0.01196
1764902280,92403.0,92403.0,92403.0,92403.0,0.001
1764902340,92408.0,92456.0,92408.0,92432.0,0.03819
1764902400,92421.0,92421.0,92421.0,92421.0,0.00027
1764902460,92428.0,92428.0,92428.0,92428.0,0.00136
1764902520,92428.0,92428.0,92428.0,92428.0,0.0
1764902580,92405.0,92405.0,92405.0,92405.0,0.00097
1764902640,92403.0,92416.0,92403.0,92416.0,0.00161
1764902700,92372.0,92374.0,92372.0,92374.0,0.00378
1764902760,92374.0,92374.0,92374.0,92374.0,0.0
1764902820,92374.0,92374.0,92374.0,92374.0,0.0
1764902880,92374.0,92374.0,92374.0,92374.0,0.0
1764902940,92374.0,92374.0,92374.0,92374.0,0.0
1764903000,92339.0,92339.0,92339.0,92339.0,0.00014
1764903060,92339.0,92339.0,92339.0,92339.0,0.0
1764903120,92344.0,92369.0,92344.0,92369.0,0.01222
1764903180,92369.0,92369.0,92369.0,92369.0,0.0
1764903240,92356.0,92356.0,92356.0,92356.0,0.00013
1764903300,92276.0,92276.0,92276.0,92276.0,0.00019
1764903360,92276.0,92276.0,92276.0,92276.0,0.0
1764903420,92277.0,92309.0,92239.0,92239.0,0.00068
1764903480,92298.0,92298.0,92298.0,92298.0,0.00013
1764903540,92256.0,92256.0,92256.0,92256.0,0.00013
1764903600,92319.0,92325.0,92319.0,92325.0,0.00026
1764903660,92318.0,92321.0,92304.0,92304.0,0.00235
1764903720,92304.0,92304.0,92304.0,92304.0,0.0
1764903780,92305.0,92305.0,92295.0,92295.0,0.00093
1764903840,92325.0,92325.0,92325.0,92325.0,0.00027
1764903900,92296.0,92296.0,92296.0,92296.0,0.00017
1764903960,92306.0,92306.0,92306.0,92306.0,0.00012
1764904020,92306.0,92306.0,92306.0,92306.0,0.0
1764904080,92306.0,92306.0,92306.0,92306.0,0.0
1764904140,92306.0,92306.0,92306.0,92306.0,0.0
1764904200,92430.0,92430.0,92402.0,92402.0,0.00054
1764904260,92338.0,92338.0,92338.0,92338.0,0.00322
1764904320,92325.0,92325.0,92295.0,92295.0,0.00046
1764904380,92309.0,92309.0,92309.0,92309.0,0.00027
1764904440,92319.0,92319.0,92319.0,92319.0,0.00032
1764904500,92319.0,92319.0,92319.0,92319.0,0.0
1764904560,92319.0,92319.0,92319.0,92319.0,0.00066
1764904620,92319.0,92319.0,92319.0,92319.0,0.00164
1764904680,92319.0,92319.0,92319.0,92319.0,0.0
1764904740,92303.0,92303.0,92303.0,92303.0,0.00032
1764904800,92303.0,92303.0,92303.0,92303.0,0.0
1764904860,92309.0,92309.0,92262.0,92262.0,0.00225
1764904920,92262.0,92262.0,92202.0,92253.0,0.01515
1764904980,92207.0,92207.0,92207.0,92207.0,0.00054
1764905040,92207.0,92207.0,92207.0,92207.0,0.00046
1764905100,92205.0,92207.0,92175.0,92175.0,0.01027
1764905160,92175.0,92175.0,92175.0,92175.0,0.0
1764905220,92189.0,92189.0,92178.0,92178.0,0.00086
1764905280,92168.0,92185.0,92168.0,92185.0,0.00085
1764905340,92148.0,92160.0,92148.0,92160.0,0.00259
1764905400,92193.0,92197.0,92193.0,92197.0,0.00324
1764905460,92165.0,92173.0,92165.0,92173.0,0.00345
1764905520,92173.0,92173.0,92173.0,92173.0,0.0
1764905580,92172.0,92181.0,92133.0,92133.0,0.00732
1764905640,92133.0,92133.0,92133.0,92133.0,0.0
1764905700,92179.0,92179.0,92179.0,92179.0,0.00069
1764905760,92163.0,92163.0,92163.0,92163.0,0.04216
1764905820,92125.0,92125.0,92125.0,92125.0,0.0002
1764905880,92125.0,92125.0,92125.0,92125.0,0.0
1764905940,92125.0,92134.0,92125.0,92134.0,0.00154
1764906000,92125.0,92125.0,92125.0,92125.0,0.00881
1764906060,92125.0,92125.0,92125.0,92125.0,0.0
1764906120,92091.0,92107.0,92091.0,92107.0,0.00201
1764906180,92107.0,92107.0,92107.0,92107.0,0.0
1764906240,92107.0,92107.0,92107.0,92107.0,0.0
1764906300,92058.0,92076.0,92056.0,92076.0,0.00389
1764906360,92076.0,92076.0,92076.0,92076.0,0.00086
1764906420,92076.0,92082.0,92026.0,92026.0,0.02454
1764906480,92084.0,92087.0,92053.0,92087.0,0.00327
1764906540,92070.0,92085.0,92070.0,92085.0,0.00218
1764906600,92065.0,92080.0,92065.0,92080.0,0.02779
1764906660,92086.0,92086.0,92086.0,92086.0,0.03286
1764906720,92067.0,92067.0,92067.0,92067.0,0.00109
1764906780,92083.0,92083.0,92083.0,92083.0,0.001
1764906840,92079.0,92079.0,92079.0,92079.0,0.00055
1764906900,92065.0,92065.0,92065.0,92065.0,0.00256
1764906960,92065.0,92065.0,91821.0,91830.0,0.05787
1764907020,91830.0,91830.0,91830.0,91830.0,0.0
1764907080,91912.0,91912.0,91876.0,91876.0,0.00254
1764907140,91904.0,91938.0,91867.0,91938.0,0.1135
1764907200,91925.0,91971.0,91925.0,91968.0,0.18473
1764907260,92011.0,92022.0,91931.0,92001.0,0.19748
1764907320,92001.0,92001.0,92001.0,92001.0,0.0
1764907380,92041.0,92050.0,92015.0,92050.0,0.00454
1764907440,92066.0,92066.0,92066.0,92066.0,0.00185
1764907500,92082.0,92082.0,92082.0,92082.0,0.001
1764907560,92099.0,92099.0,92048.0,92048.0,0.00227
1764907620,92051.0,92051.0,91997.0,91997.0,0.003
1764907680,91967.0,91984.0,91966.0,91984.0,0.00622
1764907740,92003.0,92035.0,92003.0,92018.0,0.01979
1764907800,92051.0,92073.0,92051.0,92061.0,0.00433
1764907860,92032.0,92087.0,92029.0,92087.0,0.00364
1764907920,92085.0,92111.0,92065.0,92111.0,0.00466
1764907980,92050.0,92050.0,92050.0,92050.0,0.001
1764908040,92076.0,92083.0,92065.0,92083.0,0.00181
1764908100,92067.0,92106.0,92067.0,92096.0,0.03031
1764908160,92099.0,92099.0,92096.0,92096.0,0.00217
1764908220,92122.0,92122.0,92122.0,92122.0,0.001
1764908280,92106.0,92116.0,92106.0,92116.0,0.0015
1764908340,92134.0,92134.0,92118.0,92118.0,0.00634
1764908400,92126.0,92126.0,92115.0,92115.0,0.002
1764908460,92094.0,92094.0,92069.0,92088.0,0.139
1764908520,92070.0,92070.0,92060.0,92060.0,0.002
1764908580,92060.0,92060.0,92060.0,92060.0,0.0
1764908640,92060.0,92060.0,92060.0,92060.0,0.0
1764908700,92060.0,92060.0,92060.0,92060.0,0.0
1764908760,92038.0,92038.0,91987.0,91987.0,0.01516
1764908820,92012.0,92032.0,92012.0,92032.0,0.00044
1764908880,92023.0,92043.0,92002.0,92002.0,0.00514
1764908940,91973.0,91973.0,91966.0,91966.0,0.00127
1764909000,91973.0,91973.0,91973.0,91973.0,0.0617
1764909060,91959.0,91959.0,91868.0,91902.0,0.01839
1764909120,91880.0,91880.0,91878.0,91878.0,0.002
1764909180,91848.0,91848.0,91631.0,91731.0,0.08312
1764909240,91792.0,91792.0,91791.0,91791.0,0.002
1764909300,91813.0,91840.0,91813.0,91840.0,0.002
1764909360,91830.0,91830.0,91796.0,91796.0,0.02204
1764909420,91796.0,91796.0,91796.0,91796.0,0.0
1764909480,91709.0,91709.0,91709.0,91709.0,0.00018
1764909540,91690.0,91690.0,91690.0,91690.0,0.0011
1764909600,91690.0,91690.0,91690.0,91690.0,0.0
1764909660,91761.0,91762.0,91756.0,91762.0,0.00243
1764909720,91754.0,91754.0,91743.0,91743.0,0.002
1764909780,91728.0,91735.0,91714.0,91714.0,0.00241
1764909840,91696.0,91708.0,91664.0,91667.0,0.00367
1764909900,91646.0,91674.0,91604.0,91657.0,0.03551
1764909960,91616.0,91616.0,91547.0,91547.0,0.01042
1764910020,91641.0,91641.0,91641.0,91641.0,0.001
1764910080,91641.0,91641.0,91641.0,91641.0,0.0
1764910140,91655.0,91655.0,91655.0,91655.0,0.00019
1764910200,91666.0,91707.0,91666.0,91707.0,0.00242
1764910260,91689.0,91689.0,91689.0,91689.0,0.00033
1764910320,91711.0,91745.0,91706.0,91745.0,0.01579
1764910380,91745.0,91745.0,91745.0,91745.0,0.0
1764910440,91824.0,91824.0,91824.0,91824.0,0.00027
1764910500,91802.0,91802.0,91802.0,91802.0,0.00195
1764910560,91755.0,91755.0,91755.0,91755.0,0.01
1764910620,91705.0,91729.0,91705.0,91729.0,0.00535
1764910680,91729.0,91729.0,91729.0,91729.0,0.0
1764910740,91731.0,91731.0,91723.0,91723.0,0.03149
1764910800,91737.0,91737.0,91737.0,91737.0,0.00027
1764910860,91776.0,91802.0,91772.0,91772.0,0.01379
1764910920,91806.0,91806.0,91781.0,91781.0,0.00336
1764910980,91784.0,91824.0,91765.0,91824.0,0.00379
1764911040,91825.0,91842.0,91825.0,91842.0,0.0019
1764911100,91901.0,91904.0,91878.0,91878.0,0.01551
1764911160,91871.0,91902.0,91871.0,91902.0,0.0067
1764911220,91877.0,91916.0,91877.0,91916.0,0.02576
1764911280,91881.0,91899.0,91881.0,91899.0,0.002
1764911340,91908.0,91911.0,91895.0,91895.0,0.00226
1764911400,91851.0,91851.0,91849.0,91849.0,0.00116
1764911460,91904.0,91906.0,91904.0,91906.0,0.002
1764911520,91930.0,91930.0,91910.0,91910.0,0.00339
1764911580,91945.0,91945.0,91894.0,91894.0,0.003
1764911640,91894.0,91894.0,91894.0,91894.0,0.0
1764911700,91894.0,91894.0,91874.0,91889.0,0.00344
1764911760,91904.0,91904.0,91904.0,91904.0,0.001
1764911820,91884.0,91884.0,91884.0,91884.0,0.001
1764911880,91874.0,91874.0,91874.0,91874.0,0.00703
1764911940,91889.0,91889.0,91889.0,91889.0,0.00037
1764912000,91869.0,91869.0,91848.0,91848.0,0.00278
1764912060,91848.0,91848.0,91848.0,91848.0,0.0
1764912120,91848.0,91848.0,91848.0,91848.0,0.0
1764912180,91755.0,91755.0,91734.0,91734.0,0.00065
1764912240,91722.0,91757.0,91715.0,91757.0,0.00838
1764912300,91764.0,91764.0,91742.0,91742.0,0.00092
1764912360,91742.0,91742.0,91742.0,91742.0,0.0
1764912420,91664.0,91718.0,91664.0,91718.0,0.00129
1764912480,91718.0,91718.0,91718.0,91718.0,0.0
1764912540,91725.0,91725.0,91725.0,91725.0,0.00653
1764912600,91708.0,91708.0,91662.0,91662.0,0.0007
1764912660,91669.0,91669.0,91669.0,91669.0,0.00027
1764912720,91664.0,91681.0,91664.0,91681.0,0.01115
1764912780,91681.0,91681.0,91681.0,91681.0,0.0
1764912840,91687.0,91687.0,91687.0,91687.0,0.00136
1764912900,91668.0,91692.0,91668.0,91669.0,0.00837
1764912960,91669.0,91669.0,91669.0,91669.0,0.0
1764913020,91669.0,91669.0,91669.0,91669.0,0.0
1764913080,91704.0,91704.0,91704.0,91704.0,0.00095
1764913140,91692.0,91715.0,91653.0,91715.0,0.11414
1764913200,91704.0,91704.0,91704.0,91704.0,0.00046
1764913260,91707.0,91766.0,91699.0,91743.0,0.16736
1764913320,91754.0,91754.0,91723.0,91731.0,0.13084
1764913380,91744.0,91744.0,91713.0,91713.0,0.06542
1764913440,91749.0,91749.0,91705.0,91744.0,0.1322
1764913500,91729.0,91744.0,91729.0,91744.0,0.00492
1764913560,91744.0,91744.0,91728.0,91735.0,0.05962
1764913620,91665.0,91665.0,91665.0,91665.0,0.00109
1764913680,91697.0,91697.0,91666.0,91666.0,0.00143
1764913740,91694.0,91694.0,91669.0,91669.0,0.00022
1764913800,91665.0,91665.0,91665.0,91665.0,0.03272
1764913860,91690.0,91690.0,91690.0,91690.0,0.01503
1764913920,91654.0,91654.0,91654.0,91654.0,0.00234
1764913980,91654.0,91654.0,91654.0,91654.0,0.0
1764914040,91673.0,91673.0,91673.0,91673.0,0.0038
1764914100,91663.0,91663.0,91617.0,91617.0,0.0326
1764914160,91667.0,91682.0,91607.0,91607.0,0.03293
1764914220,91677.0,91677.0,91623.0,91623.0,0.0502
1764914280,91608.0,91648.0,91608.0,91648.0,0.00702
1764914340,91665.0,91665.0,91665.0,91665.0,0.00032
1764914400,91668.0,91731.0,91668.0,91731.0,0.01709
1764914460,91656.0,91689.0,91651.0,91681.0,0.03282
1764914520,91681.0,91681.0,91681.0,91681.0,0.0
1764914580,91681.0,91681.0,91681.0,91681.0,0.0
1764914640,91687.0,91687.0,91687.0,91687.0,0.00022
1764914700,91675.0,91675.0,91675.0,91675.0,0.00033
1764914760,91735.0,91744.0,91735.0,91744.0,0.00087
1764914820,91721.0,91721.0,91721.0,91721.0,0.00382
1764914880,91744.0,91744.0,91744.0,91744.0,0.00018
1764914940,91739.0,91739.0,91739.0,91739.0,0.00133
1764915000,91744.0,91744.0,91744.0,91744.0,0.01524
1764915060,91744.0,91744.0,91744.0,91744.0,0.00021
1764915120,91744.0,91744.0,91744.0,91744.0,0.0006
1764915180,91744.0,91786.0,91744.0,91786.0,0.04601
1764915240,91799.0,91856.0,91799.0,91825.0,0.08627
1764915300,91825.0,91825.0,91825.0,91825.0,0.0
1764915360,91825.0,91825.0,91825.0,91825.0,0.0
1764915420,91802.0,91802.0,91802.0,91802.0,0.03349
1764915480,91794.0,91794.0,91794.0,91794.0,0.00022
1764915540,91794.0,91794.0,91794.0,91794.0,0.0
1764915600,91754.0,91754.0,91754.0,91754.0,0.00186
1764915660,91754.0,91754.0,91754.0,91754.0,0.0
1764915720,91749.0,91749.0,91699.0,91699.0,0.15
1764915780,91742.0,91742.0,91742.0,91742.0,0.00115
1764915840,91724.0,91761.0,91724.0,91733.0,0.00627
1764915900,91763.0,91763.0,91763.0,91763.0,0.03274
1764915960,91763.0,91763.0,91763.0,91763.0,0.0
1764916020,91797.0,91797.0,91793.0,91793.0,0.02211
1764916080,91756.0,91756.0,91756.0,91756.0,0.00115
1764916140,91756.0,91756.0,91756.0,91756.0,0.0
1764916200,91779.0,91779.0,91729.0,91732.0,0.09933
1764916260,91736.0,91736.0,91662.0,91717.0,0.09742
1764916320,91640.0,91712.0,91638.0,91670.0,0.29009
1764916380,91670.0,91670.0,91660.0,91660.0,0.00077
1764916440,91734.0,91734.0,91734.0,91734.0,0.00033
1764916500,91750.0,91806.0,91750.0,91795.0,0.06529
1764916560,91795.0,91795.0,91795.0,91795.0,0.0
1764916620,91795.0,91795.0,91795.0,91795.0,0.0
1764916680,91795.0,91795.0,91795.0,91795.0,0.0
1764916740,91739.0,91739.0,91739.0,91739.0,0.00055
1764916800,91739.0,91739.0,91739.0,91739.0,0.0
1764916860,91764.0,91777.0,91760.0,91777.0,0.00048
1764916920,91777.0,91777.0,91777.0,91777.0,0.0
1764916980,91780.0,91811.0,91780.0,91811.0,0.00454
1764917040,91811.0,91811.0,91811.0,91811.0,0.0
1764917100,91858.0,91858.0,91840.0,91843.0,0.12872
1764917160,91849.0,91854.0,91848.0,91854.0,0.03468
1764917220,91836.0,91836.0,91836.0,91836.0,0.03218
1764917280,91836.0,91836.0,91836.0,91836.0,0.0
1764917340,91818.0,91819.0,91818.0,91819.0,0.0042
1764917400,91819.0,91819.0,91819.0,91819.0,0.0
1764917460,91819.0,91819.0,91819.0,91819.0,0.0
1764917520,91962.0,91977.0,91962.0,91977.0,0.03544
1764917580,91973.0,91973.0,91973.0,91973.0,0.00167
1764917640,91914.0,91915.0,91904.0,91904.0,0.03412
1764917700,91885.0,91885.0,91885.0,91885.0,0.00022
1764917760,91885.0,91926.0,91885.0,91926.0,0.00044
1764917820,91940.0,91966.0,91940.0,91966.0,0.03295
1764917880,91966.0,91966.0,91966.0,91966.0,0.0
1764917940,91962.0,91972.0,91954.0,91958.0,0.10982
1764918000,91981.0,91981.0,91981.0,91981.0,0.00409
1764918060,91943.0,91943.0,91943.0,91943.0,0.00606
1764918120,91898.0,91898.0,91898.0,91898.0,0.00074
1764918180,91896.0,91924.0,91871.0,91871.0,0.19682
1764918240,91908.0,91908.0,91908.0,91908.0,0.00022
1764918300,91940.0,91940.0,91922.0,91922.0,0.05434
1764918360,91952.0,91952.0,91952.0,91952.0,0.00832
1764918420,91952.0,91952.0,91952.0,91952.0,0.0
1764918480,92087.0,92116.0,92060.0,92060.0,0.1424
1764918540,92059.0,92094.0,92050.0,92094.0,0.04324
1764918600,92113.0,92113.0,92062.0,92062.0,0.01928
1764918660,92059.0,92059.0,92059.0,92059.0,0.00109
1764918720,92035.0,92035.0,92035.0,92035.0,0.00054
1764918780,92028.0,92034.0,91998.0,92030.0,0.16589
1764918840,92031.0,92032.0,92003.0,92003.0,0.10856
1764918900,92030.0,92072.0,92030.0,92072.0,0.05104
1764918960,92054.0,92091.0,92054.0,92091.0,0.02934
1764919020,92080.0,92080.0,92080.0,92080.0,0.02713
1764919080,92038.0,92038.0,92038.0,92038.0,0.00054
1764919140,92052.0,92052.0,92043.0,92043.0,0.00915
1764919200,92043.0,92043.0,92043.0,92043.0,0.0
1764919260,92046.0,92069.0,92046.0,92069.0,0.21478
1764919320,92021.0,92105.0,91874.0,92095.0,0.83363
1764919380,92077.0,92077.0,91871.0,91871.0,0.19731
1764919440,92060.0,92060.0,92059.0,92059.0,0.0239
1764919500,92059.0,92059.0,92059.0,92059.0,0.0
1764919560,92104.0,92104.0,92104.0,92104.0,0.00054
1764919620,92143.0,92143.0,92143.0,92143.0,0.00016
1764919680,92143.0,92143.0,92143.0,92143.0,0.0
1764919740,92143.0,92143.0,92143.0,92143.0,0.0
1764919800,92143.0,92143.0,92143.0,92143.0,0.0
1764919860,92143.0,92143.0,92143.0,92143.0,0.0
1764919920,92134.0,92134.0,92102.0,92107.0,0.00988
1764919980,92107.0,92107.0,92107.0,92107.0,0.0
1764920040,92083.0,92101.0,92083.0,92101.0,0.01128
1764920100,92043.0,92099.0,92043.0,92099.0,0.00971
1764920160,92078.0,92078.0,92078.0,92078.0,0.00062
1764920220,92078.0,92078.0,92078.0,92078.0,0.0
1764920280,92094.0,92094.0,92094.0,92094.0,0.0095
1764920340,92118.0,92118.0,92118.0,92118.0,0.00162
1764920400,92081.0,92081.0,92081.0,92081.0,0.00581
1764920460,92081.0,92081.0,92081.0,92081.0,0.0
1764920520,91997.0,92000.0,91997.0,92000.0,0.00161
1764920580,92000.0,92000.0,92000.0,92000.0,0.00049
1764920640,92000.0,92000.0,92000.0,92000.0,0.00042
1764920700,92000.0,92000.0,92000.0,92000.0,0.00018
1764920760,92000.0,92000.0,92000.0,92000.0,0.0
1764920820,91920.0,91971.0,91906.0,91971.0,0.02546
1764920880,91971.0,91971.0,91971.0,91971.0,0.0
1764920940,92000.0,92000.0,92000.0,92000.0,0.00096
1764921000,92000.0,92000.0,92000.0,92000.0,0.0
1764921060,92000.0,92000.0,92000.0,92000.0,0.0
1764921120,92000.0,92000.0,92000.0,92000.0,0.0
1764921180,92000.0,92000.0,92000.0,92000.0,0.0
1764921240,91931.0,91940.0,91887.0,91937.0,0.00975
1764921300,91904.0,91939.0,91889.0,91889.0,0.00799
1764921360,91931.0,91931.0,91870.0,91870.0,0.01078
1764921420,91915.0,91952.0,91915.0,91952.0,0.15
1764921480,91890.0,91990.0,91890.0,91916.0,0.10203
1764921540,91916.0,91916.0,91916.0,91916.0,0.0
1764921600,91902.0,92000.0,91902.0,91922.0,0.00478
1764921660,91985.0,91985.0,91985.0,91985.0,0.00221
1764921720,91993.0,92058.0,91993.0,92058.0,0.00115
1764921780,92055.0,92055.0,91983.0,91983.0,0.10163
1764921840,91983.0,91983.0,91983.0,91983.0,0.0
1764921900,91950.0,91950.0,91950.0,91950.0,0.00218
1764921960,91965.0,91965.0,91932.0,91932.0,0.00126
1764922020,91916.0,91958.0,91916.0,91958.0,0.19711
1764922080,91958.0,91958.0,91958.0,91958.0,0.0
1764922140,91958.0,91958.0,91958.0,91958.0,0.0
1764922200,91921.0,91939.0,91913.0,91913.0,0.00283
1764922260,91977.0,91977.0,91977.0,91977.0,0.00108
1764922320,91995.0,91995.0,91995.0,91995.0,0.00163
1764922380,91972.0,91972.0,91939.0,91959.0,0.00408
1764922440,91959.0,91959.0,91959.0,91959.0,0.0
1764922500,91897.0,91897.0,91825.0,91825.0,0.00155
1764922560,91827.0,91840.0,91827.0,91840.0,0.00311
1764922620,91865.0,91870.0,91854.0,91870.0,0.00317
1764922680,91874.0,91887.0,91856.0,91856.0,0.0185
1764922740,91878.0,91880.0,91853.0,91853.0,0.00794
1764922800,91845.0,91876.0,91831.0,91831.0,0.0574
1764922860,91865.0,91865.0,91863.0,91863.0,0.00489
1764922920,91934.0,91952.0,91932.0,91952.0,0.00248
1764922980,91925.0,91954.0,91884.0,91954.0,0.06157
1764923040,91924.0,91924.0,91924.0,91924.0,0.00012
1764923100,91924.0,91924.0,91924.0,91924.0,0.0
1764923160,91943.0,91943.0,91943.0,91943.0,0.00017
1764923220,91954.0,91954.0,91954.0,91954.0,0.00189
1764923280,91954.0,91954.0,91954.0,91954.0,0.0
1764923340,91878.0,91878.0,91878.0,91878.0,0.00162
1764923400,91912.0,91912.0,91912.0,91912.0,0.00217
1764923460,91859.0,91859.0,91859.0,91859.0,0.00217
1764923520,91875.0,91875.0,91821.0,91837.0,0.01168
1764923580,91837.0,91837.0,91837.0,91837.0,0.0
1764923640,91837.0,91837.0,91837.0,91837.0,0.0
1764923700,91860.0,91884.0,91835.0,91851.0,0.15862
1764923760,91886.0,91886.0,91863.0,91863.0,0.0534
1764923820,91844.0,91872.0,91844.0,91867.0,0.15166
1764923880,91867.0,91867.0,91867.0,91867.0,0.0
1764923940,91883.0,91883.0,91791.0,91791.0,0.15166
1764924000,91871.0,91871.0,91871.0,91871.0,0.004
1764924060,91778.0,91786.0,91764.0,91764.0,0.00754
1764924120,91799.0,91799.0,91799.0,91799.0,0.00058
1764924180,91809.0,91816.0,91809.0,91816.0,0.01287
1764924240,91810.0,91810.0,91792.0,91792.0,0.00433
1764924300,91799.0,91819.0,91768.0,91819.0,0.16842
1764924360,91819.0,91819.0,91819.0,91819.0,0.0
1764924420,91852.0,91852.0,91846.0,91846.0,0.01065
1764924480,91814.0,91824.0,91793.0,91793.0,0.05451
1764924540,91844.0,91844.0,91817.0,91842.0,0.15912
1764924600,91850.0,91850.0,91850.0,91850.0,0.00217
1764924660,91844.0,91859.0,91802.0,91859.0,0.07071
1764924720,91878.0,91896.0,91847.0,91896.0,0.0496
1764924780,91896.0,91896.0,91884.0,91884.0,0.00165
1764924840,91870.0,91870.0,91870.0,91870.0,0.0043
1764924900,91871.0,91888.0,91868.0,91885.0,0.02233
1764924960,91903.0,91929.0,91903.0,91929.0,0.03822
1764925020,91933.0,91933.0,91910.0,91910.0,0.01109
1764925080,91893.0,91928.0,91893.0,91928.0,0.00617
1764925140,91905.0,91905.0,91905.0,91905.0,0.035
1764925200,91946.0,91946.0,91897.0,91905.0,0.00828
1764925260,91905.0,91937.0,91888.0,91889.0,0.06604
1764925320,91889.0,91889.0,91825.0,91825.0,0.00554
1764925380,91825.0,91825.0,91825.0,91825.0,0.0
1764925440,91792.0,91846.0,91792.0,91839.0,0.06553
1764925500,91846.0,91846.0,91846.0,91846.0,0.001
1764925560,91751.0,91751.0,91751.0,91751.0,0.00017
1764925620,91751.0,91751.0,91751.0,91751.0,0.00035
1764925680,91751.0,91751.0,91751.0,91751.0,0.0
1764925740,91751.0,91760.0,91751.0,91760.0,0.0045
1764925800,91751.0,91751.0,91744.0,91744.0,0.04714
1764925860,91739.0,91739.0,91709.0,91709.0,0.00658
1764925920,91709.0,91709.0,91709.0,91709.0,0.0
1764925980,91695.0,91695.0,91666.0,91666.0,0.02589
1764926040,91693.0,91693.0,91693.0,91693.0,0.00018
1764926100,91672.0,91672.0,91653.0,91653.0,0.00061
1764926160,91653.0,91653.0,91556.0,91556.0,0.0147
1764926220,91556.0,91556.0,91556.0,91556.0,0.0
1764926280,91542.0,91542.0,91357.0,91357.0,0.02109
1764926340,91358.0,91364.0,91173.0,91173.0,0.06201
1764926400,91163.0,91231.0,91146.0,91231.0,0.02223
1764926460,91185.0,91231.0,91130.0,91221.0,0.0132
1764926520,91216.0,91332.0,91216.0,91298.0,0.01096
1764926580,91292.0,91294.0,91246.0,91292.0,0.00804
1764926640,91185.0,91278.0,91179.0,91274.0,0.01243
1764926700,91237.0,91281.0,91213.0,91224.0,0.07945
1764926760,91267.0,91267.0,91123.0,91128.0,0.00524
1764926820,91222.0,91222.0,91222.0,91222.0,0.001
1764926880,91176.0,91176.0,91153.0,91163.0,0.00974
1764926940,91147.0,91147.0,91147.0,91147.0,0.001
1764927000,91080.0,91087.0,91043.0,91087.0,0.0034
1764927060,91100.0,91253.0,91100.0,91211.0,0.04786
1764927120,91170.0,91170.0,91170.0,91170.0,0.00363
1764927180,91152.0,91152.0,91152.0,91152.0,0.00328
1764927240,91044.0,91044.0,91011.0,91030.0,0.05582
1764927300,91030.0,91030.0,91030.0,91030.0,0.0
1764927360,91137.0,91137.0,91069.0,91069.0,0.00686
1764927420,91087.0,91130.0,91087.0,91130.0,0.0124
1764927480,91133.0,91133.0,91109.0,91123.0,0.02961
1764927540,91068.0,91068.0,91068.0,91068.0,0.0048
1764927600,91010.0,91010.0,91010.0,91010.0,0.00024
1764927660,91032.0,91032.0,91032.0,91032.0,0.0036
1764927720,91049.0,91088.0,90775.0,90775.0,0.29493
1764927780,90973.0,90984.0,90856.0,90856.0,0.10896
1764927840,90769.0,90859.0,90763.0,90840.0,0.06943
1764927900,90818.0,90818.0,90774.0,90787.0,0.03488
1764927960,90820.0,90820.0,90777.0,90777.0,0.00868
1764928020,90810.0,90810.0,90810.0,90810.0,0.001
1764928080,90836.0,90844.0,90836.0,90844.0,0.02
1764928140,90844.0,90844.0,90844.0,90844.0,0.0
1764928200,90817.0,90817.0,90817.0,90817.0,0.01
1764928260,90852.0,90880.0,90841.0,90849.0,0.08409
1764928320,90881.0,90881.0,90881.0,90881.0,0.00055
1764928380,90891.0,90891.0,90872.0,90872.0,0.01876
1764928440,90860.0,90860.0,90840.0,90840.0,0.00889
1764928500,90833.0,90842.0,90833.0,90842.0,0.01482
1764928560,90842.0,90842.0,90842.0,90842.0,0.0
1764928620,90797.0,90846.0,90797.0,90828.0,0.01596
1764928680,90846.0,90846.0,90846.0,90846.0,0.00033
1764928740,90846.0,90904.0,90846.0,90904.0,0.03732
1764928800,90930.0,90930.0,90930.0,90930.0,0.00045
1764928860,90876.0,91026.0,90876.0,91020.0,0.04623
1764928920,91020.0,91020.0,91020.0,91020.0,0.0
1764928980,90949.0,90949.0,90924.0,90924.0,0.0027
1764929040,91038.0,91038.0,91004.0,91004.0,0.00224
1764929100,91054.0,91054.0,91054.0,91054.0,0.00343
1764929160,91085.0,91137.0,91085.0,91085.0,0.01092
1764929220,91089.0,91089.0,91089.0,91089.0,0.00012
1764929280,91062.0,91081.0,91062.0,91081.0,0.0111
1764929340,91067.0,91067.0,91067.0,91067.0,0.00275
1764929400,91067.0,91067.0,91044.0,91044.0,0.00071
1764929460,91074.0,91074.0,91037.0,91047.0,0.0029
1764929520,91074.0,91074.0,91056.0,91056.0,0.00457
1764929580,91062.0,91062.0,91062.0,91062.0,0.00823
1764929640,91042.0,91054.0,91042.0,91054.0,0.04287
1764929700,91034.0,91034.0,91034.0,91034.0,0.00606
1764929760,91057.0,91127.0,91057.0,91118.0,0.0167
1764929820,91118.0,91118.0,91118.0,91118.0,0.0
1764929880,91092.0,91092.0,91053.0,91053.0,0.03124
1764929940,91077.0,91092.0,91037.0,91037.0,0.20794
1764930000,91075.0,91075.0,91061.0,91061.0,0.00222
1764930060,91082.0,91082.0,91082.0,91082.0,0.002
1764930120,91075.0,91092.0,91066.0,91092.0,0.08275
1764930180,91097.0,91120.0,91085.0,91118.0,0.10921
1764930240,91117.0,91117.0,91117.0,91117.0,0.00107
1764930300,91144.0,91162.0,91122.0,91162.0,0.05036
1764930360,91218.0,91226.0,91205.0,91226.0,0.00646
1764930420,91226.0,91226.0,91226.0,91226.0,0.0
1764930480,91151.0,91173.0,91136.0,91158.0,0.04665
1764930540,91158.0,91158.0,91158.0,91158.0,0.0
1764930600,91137.0,91137.0,91077.0,91115.0,0.14636
1764930660,91113.0,91120.0,91075.0,91120.0,0.00921
1764930720,91123.0,91123.0,91098.0,91098.0,0.01005
1764930780,91120.0,91120.0,91120.0,91120.0,0.00072
1764930840,91089.0,91205.0,91089.0,91194.0,0.27789
1764930900,91160.0,91160.0,91123.0,91123.0,0.00275
1764930960,91150.0,91150.0,91150.0,91150.0,0.00107
1764931020,91150.0,91150.0,91150.0,91150.0,0.0
1764931080,91146.0,91146.0,91146.0,91146.0,0.0003
1764931140,91146.0,91146.0,91146.0,91146.0,0.0
1764931200,91171.0,91171.0,91166.0,91171.0,0.00627
1764931260,91171.0,91171.0,91171.0,91171.0,0.0
1764931320,91161.0,91161.0,91161.0,91161.0,0.0121
1764931380,91161.0,91161.0,91161.0,91161.0,0.0
1764931440,91171.0,91191.0,91166.0,91191.0,0.01915
1764931500,91192.0,91231.0,91192.0,91198.0,0.04137
1764931560,91246.0,91246.0,91234.0,91234.0,0.00816
1764931620,91240.0,91240.0,91209.0,91209.0,0.03024
1764931680,91178.0,91178.0,91122.0,91163.0,0.00077
1764931740,91107.0,91116.0,91107.0,91116.0,0.00023
1764931800,91158.0,91166.0,91109.0,91166.0,0.00595
1764931860,91132.0,91173.0,91132.0,91173.0,0.00616
1764931920,91173.0,91173.0,91173.0,91173.0,0.0
1764931980,91174.0,91194.0,91174.0,91194.0,0.00272
1764932040,91194.0,91194.0,91194.0,91194.0,0.00137
1764932100,91194.0,91194.0,91194.0,91194.0,0.0
1764932160,91194.0,91194.0,91194.0,91194.0,0.0
1764932220,91194.0,91194.0,91194.0,91194.0,0.0
1764932280,91146.0,91146.0,91084.0,91084.0,0.01718
1764932340,91084.0,91084.0,91084.0,91084.0,0.0
1764932400,91111.0,91111.0,91105.0,91105.0,0.01945
1764932460,91050.0,91096.0,91036.0,91096.0,0.00928
1764932520,91134.0,91141.0,91134.0,91141.0,0.01015
1764932580,91137.0,91162.0,91137.0,91162.0,0.02756
1764932640,91170.0,91183.0,91170.0,91182.0,0.00205
1764932700,91195.0,91195.0,91195.0,91195.0,0.0002
1764932760,91209.0,91209.0,91209.0,91209.0,0.0002
1764932820,91209.0,91216.0,91190.0,91190.0,0.0061
1764932880,91216.0,91230.0,91206.0,91230.0,0.02545
1764932940,91229.0,91275.0,91229.0,91275.0,0.0029
1764933000,91275.0,91275.0,91275.0,91275.0,0.0
1764933060,91264.0,91264.0,91181.0,91181.0,0.21449
1764933120,91264.0,91277.0,91264.0,91277.0,0.00039
1764933180,91277.0,91277.0,91277.0,91277.0,0.00018
1764933240,91271.0,91271.0,91271.0,91271.0,0.0002
1764933300,91262.0,91313.0,91256.0,91313.0,0.00746
1764933360,91261.0,91261.0,91250.0,91250.0,0.00315
1764933420,91235.0,91277.0,91235.0,91277.0,0.00391
1764933480,91265.0,91274.0,91265.0,91274.0,0.02843
1764933540,91274.0,91274.0,91274.0,91274.0,0.0
1764933600,91272.0,91272.0,91272.0,91272.0,0.00338
1764933660,91295.0,91295.0,91295.0,91295.0,0.00012
1764933720,91295.0,91295.0,91295.0,91295.0,0.0
1764933780,91171.0,91250.0,91171.0,91250.0,0.00432
1764933840,91252.0,91252.0,91252.0,91252.0,0.001
1764933900,91160.0,91196.0,91160.0,91196.0,0.01149
1764933960,91158.0,91201.0,91158.0,91185.0,0.06708
1764934020,91172.0,91172.0,91172.0,91172.0,0.01
1764934080,91149.0,91213.0,91149.0,91184.0,0.04594
1764934140,91184.0,91184.0,91184.0,91184.0,0.0
1764934200,91187.0,91187.0,91187.0,91187.0,0.00595
1764934260,91187.0,91187.0,91187.0,91187.0,0.00212
1764934320,91187.0,91187.0,91187.0,91187.0,0.0
1764934380,91145.0,91170.0,91145.0,91145.0,0.00158
1764934440,90973.0,90973.0,90905.0,90905.0,0.09053
1764934500,90991.0,90991.0,90924.0,90924.0,0.00425
1764934560,90923.0,91001.0,90906.0,90906.0,0.02634
1764934620,90937.0,90999.0,90937.0,90965.0,0.01036
1764934680,91023.0,91023.0,91019.0,91019.0,0.0022
1764934740,91016.0,91016.0,90998.0,90998.0,0.0263
1764934800,90998.0,90998.0,90998.0,90998.0,0.0
1764934860,90996.0,90996.0,90995.0,90995.0,0.00614
1764934920,90970.0,90997.0,90970.0,90988.0,0.0082
1764934980,90955.0,90986.0,90955.0,90986.0,0.00913
1764935040,90971.0,90971.0,90939.0,90939.0,0.00272
1764935100,90917.0,90917.0,90917.0,90917.0,0.01441
1764935160,90917.0,90976.0,90917.0,90957.0,0.00566
1764935220,90957.0,90957.0,90957.0,90957.0,0.0
1764935280,91010.0,91010.0,90992.0,90992.0,0.00272
1764935340,91010.0,91093.0,91010.0,91093.0,0.00288
1764935400,91093.0,91093.0,91093.0,91093.0,0.0
1764935460,91019.0,91019.0,91019.0,91019.0,0.00315
1764935520,91100.0,91100.0,91100.0,91100.0,0.0004
1764935580,91079.0,91079.0,91066.0,91066.0,0.008
1764935640,91089.0,91089.0,91089.0,91089.0,0.00219
1764935700,91133.0,91133.0,91133.0,91133.0,0.00109
1764935760,91107.0,91107.0,91107.0,91107.0,0.00104
1764935820,91107.0,91107.0,91107.0,91107.0,0.0
1764935880,91115.0,91115.0,91115.0,91115.0,0.001
1764935940,91086.0,91086.0,91086.0,91086.0,0.00244
1764936000,91073.0,91073.0,91073.0,91073.0,0.00049
1764936060,91071.0,91081.0,91024.0,91024.0,0.00549
1764936120,91035.0,91035.0,91035.0,91035.0,0.00045
1764936180,91035.0,91035.0,91035.0,91035.0,0.0
1764936240,91002.0,91007.0,91002.0,91007.0,0.00281
1764936300,91003.0,91003.0,91003.0,91003.0,0.08336
1764936360,91003.0,91092.0,91003.0,91081.0,0.02966
1764936420,91100.0,91132.0,91100.0,91129.0,0.003
1764936480,91099.0,91109.0,91099.0,91109.0,0.0013
1764936540,91098.0,91178.0,91098.0,91171.0,0.02205
1764936600,91171.0,91171.0,91171.0,91171.0,0.0
1764936660,91171.0,91171.0,91171.0,91171.0,0.0
1764936720,91073.0,91073.0,91073.0,91073.0,0.00315
1764936780,91073.0,91073.0,91073.0,91073.0,0.0
1764936840,91049.0,91049.0,91017.0,91017.0,0.01259
1764936900,91017.0,91040.0,91015.0,91036.0,0.02962
1764936960,91049.0,91049.0,91043.0,91043.0,0.00274
1764937020,91088.0,91088.0,91071.0,91082.0,0.00247
1764937080,91106.0,91106.0,91089.0,91089.0,0.0451
1764937140,91089.0,91089.0,91089.0,91089.0,0.0
1764937200,91089.0,91089.0,91089.0,91089.0,0.0
1764937260,91003.0,91003.0,90936.0,90936.0,0.03093
1764937320,90944.0,90944.0,90944.0,90944.0,0.00019
1764937380,90900.0,90900.0,90872.0,90872.0,0.00552
1764937440,90919.0,90949.0,90896.0,90930.0,0.06781
1764937500,90930.0,90930.0,90930.0,90930.0,0.0
1764937560,90913.0,90970.0,90913.0,90970.0,0.0081
1764937620,90970.0,90970.0,90970.0,90970.0,0.0
1764937680,90964.0,90964.0,90947.0,90947.0,0.04488
1764937740,90981.0,90981.0,90972.0,90972.0,0.00192
1764937800,90937.0,90954.0,90917.0,90917.0,0.0197
1764937860,90917.0,90917.0,90917.0,90917.0,0.0
1764937920,90910.0,90910.0,90895.0,90895.0,0.00066
1764937980,90910.0,90933.0,90908.0,90933.0,0.02415
1764938040,90927.0,90927.0,90927.0,90927.0,0.00247
1764938100,90949.0,90949.0,90949.0,90949.0,0.0011
1764938160,90950.0,90955.0,90950.0,90955.0,0.02924
1764938220,90955.0,90955.0,90955.0,90955.0,0.002
1764938280,90955.0,90955.0,90955.0,90955.0,0.0
1764938340,90955.0,90955.0,90931.0,90955.0,0.00433
1764938400,90955.0,90955.0,90955.0,90955.0,0.00055
1764938460,90955.0,90955.0,90955.0,90955.0,0.00074
1764938520,90955.0,90955.0,90955.0,90955.0,0.00038
1764938580,90955.0,90965.0,90942.0,90965.0,0.02662
1764938640,90952.0,90952.0,90952.0,90952.0,0.00012
1764938700,90914.0,90950.0,90914.0,90950.0,0.00106
1764938760,90950.0,90950.0,90950.0,90950.0,0.0
1764938820,90933.0,90933.0,90933.0,90933.0,0.00223
1764938880,90933.0,90933.0,90933.0,90933.0,0.0
1764938940,90948.0,90971.0,90948.0,90971.0,0.00054
1764939000,90970.0,90970.0,90970.0,90970.0,0.00027
1764939060,90986.0,90986.0,90986.0,90986.0,0.0029
1764939120,90986.0,90986.0,90986.0,90986.0,0.0
1764939180,90986.0,90986.0,90986.0,90986.0,0.0
1764939240,90957.0,90957.0,90957.0,90957.0,0.00027
1764939300,90957.0,90957.0,90957.0,90957.0,0.0
1764939360,90968.0,90968.0,90968.0,90968.0,0.00012
1764939420,90968.0,90968.0,90968.0,90968.0,0.0
1764939480,91012.0,91012.0,90991.0,90991.0,0.04655
1764939540,90991.0,90991.0,90991.0,90991.0,0.0
1764939600,90939.0,90984.0,90939.0,90984.0,0.00057
1764939660,90946.0,90968.0,90929.0,90968.0,0.00656
1764939720,90991.0,91009.0,90991.0,91009.0,0.00429
1764939780,90982.0,90982.0,90946.0,90971.0,0.0146
1764939840,90971.0,90971.0,90971.0,90971.0,0.0
1764939900,90845.0,90845.0,90845.0,90845.0,0.00042
1764939960,90854.0,90856.0,90854.0,90856.0,0.00434
1764940020,90858.0,90874.0,90833.0,90833.0,0.02505
1764940080,90833.0,90833.0,90833.0,90833.0,0.0
1764940140,90881.0,90881.0,90881.0,90881.0,0.0017
1764940200,91001.0,91001.0,91001.0,91001.0,0.00106
1764940260,91001.0,91001.0,91001.0,91001.0,0.0
1764940320,91044.0,91044.0,91033.0,91033.0,0.00248
1764940380,91033.0,91033.0,91033.0,91033.0,0.0
1764940440,91033.0,91033.0,91033.0,91033.0,0.0
1764940500,90878.0,90887.0,90715.0,90715.0,0.04431
1764940560,90798.0,90800.0,90760.0,90760.0,0.01037
1764940620,90760.0,90760.0,90760.0,90760.0,0.0
1764940680,90800.0,90800.0,90800.0,90800.0,0.00021
1764940740,90770.0,90800.0,90766.0,90800.0,0.01515
1764940800,90800.0,90800.0,90800.0,90800.0,0.0
1764940860,90768.0,90799.0,90736.0,90747.0,0.00425
1764940920,90750.0,90794.0,90750.0,90794.0,0.0154
1764940980,90795.0,90795.0,90761.0,90761.0,0.0026
1764941040,90730.0,90730.0,90730.0,90730.0,0.00043
1764941100,90730.0,90730.0,90630.0,90648.0,0.04195
1764941160,90616.0,90623.0,90585.0,90589.0,0.01058
1764941220,90592.0,90598.0,90553.0,90553.0,0.01365
1764941280,90553.0,90553.0,90445.0,90445.0,0.02924
1764941340,90382.0,90530.0,90382.0,90502.0,0.02208
1764941400,90573.0,90573.0,90552.0,90552.0,0.01108
1764941460,90583.0,90583.0,90519.0,90519.0,0.02186
1764941520,90519.0,90519.0,90519.0,90519.0,0.0
1764941580,90519.0,90519.0,90519.0,90519.0,0.0
1764941640,90661.0,90661.0,90661.0,90661.0,0.001
1764941700,90647.0,90647.0,90579.0,90579.0,0.00353
1764941760,90607.0,90607.0,90586.0,90586.0,0.00467
1764941820,90545.0,90585.0,90545.0,90566.0,0.00296
1764941880,90519.0,90519.0,90519.0,90519.0,0.001
1764941940,90516.0,90516.0,90501.0,90501.0,0.0021
1764942000,90427.0,90427.0,90315.0,90315.0,0.03948
1764942060,90327.0,90332.0,90235.0,90310.0,0.02127
1764942120,90147.0,90202.0,90147.0,90202.0,0.00262
1764942180,90190.0,90190.0,90085.0,90186.0,0.02386
1764942240,90202.0,90229.0,90114.0,90229.0,0.00897
1764942300,90240.0,90240.0,90178.0,90193.0,0.01996
1764942360,90070.0,90070.0,90000.0,90041.0,0.02039
1764942420,90148.0,90148.0,90148.0,90148.0,0.0097
1764942480,90192.0,90192.0,90185.0,90185.0,0.0263
1764942540,90185.0,90185.0,90185.0,90185.0,0.0
1764942600,90267.0,90301.0,90267.0,90301.0,0.00772
1764942660,90301.0,90301.0,90301.0,90301.0,0.0
1764942720,90301.0,90301.0,90301.0,90301.0,0.0
1764942780,90301.0,90301.0,90301.0,90301.0,0.0
1764942840,90348.0,90354.0,90328.0,90354.0,0.01095
1764942900,90354.0,90354.0,90354.0,90354.0,0.0
1764942960,90414.0,90414.0,90355.0,90355.0,0.04156
1764943020,90309.0,90309.0,90303.0,90307.0,0.02233
1764943080,90270.0,90270.0,90270.0,90270.0,0.00052
1764943140,90270.0,90270.0,90270.0,90270.0,0.0
1764943200,90173.0,90252.0,90173.0,90248.0,0.001
1764943260,90252.0,90252.0,90235.0,90247.0,0.0189
1764943320,90218.0,90252.0,90218.0,90251.0,0.00482
1764943380,90241.0,90307.0,90241.0,90307.0,0.0018
1764943440,90256.0,90256.0,90256.0,90256.0,0.0003
1764943500,90272.0,90289.0,90260.0,90282.0,0.0048
1764943560,90263.0,90318.0,90263.0,90316.0,0.0264
1764943620,90331.0,90331.0,90307.0,90307.0,0.01826
1764943680,90321.0,90382.0,90321.0,90382.0,0.05538
1764943740,90302.0,90368.0,90302.0,90368.0,0.02948
1764943800,90400.0,90400.0,90400.0,90400.0,0.00109
1764943860,90400.0,90412.0,90390.0,90412.0,0.00433
1764943920,90412.0,90440.0,90305.0,90305.0,0.06386
1764943980,90305.0,90305.0,90305.0,90305.0,0.0
1764944040,90305.0,90305.0,90305.0,90305.0,0.0
1764944100,90284.0,90284.0,90208.0,90277.0,0.05131
1764944160,90267.0,90317.0,90191.0,90264.0,0.11144
1764944220,90211.0,90211.0,90170.0,90211.0,0.03593
1764944280,90219.0,90219.0,90144.0,90144.0,0.00899
1764944340,90144.0,90144.0,90144.0,90144.0,0.0
1764944400,90115.0,90115.0,90115.0,90115.0,0.0011
1764944460,90087.0,90087.0,90087.0,90087.0,0.0008
1764944520,90130.0,90132.0,90130.0,90132.0,0.08726
1764944580,90132.0,90132.0,90132.0,90132.0,0.0
1764944640,90158.0,90158.0,90158.0,90158.0,0.02376
1764944700,90132.0,90222.0,90132.0,90222.0,0.00442
1764944760,90238.0,90244.0,90211.0,90232.0,0.17675
1764944820,90204.0,90204.0,90154.0,90154.0,0.179
1764944880,90156.0,90186.0,90156.0,90186.0,0.09028
1764944940,90186.0,90186.0,90186.0,90186.0,0.0
1764945000,90169.0,90173.0,90164.0,90164.0,0.09353
1764945060,90174.0,90356.0,90174.0,90356.0,0.09456
1764945120,90319.0,90338.0,90313.0,90338.0,0.00806
1764945180,90377.0,90412.0,90355.0,90412.0,0.00471
1764945240,90435.0,90435.0,90362.0,90362.0,0.00374
1764945300,90282.0,90282.0,90282.0,90282.0,0.00135
1764945360,90282.0,90282.0,90282.0,90282.0,0.0
1764945420,90059.0,90120.0,89983.0,90120.0,0.15771
1764945480,90090.0,90090.0,90090.0,90090.0,0.00031
1764945540,90094.0,90094.0,90094.0,90094.0,0.00041
1764945600,89972.0,89973.0,89818.0,89864.0,0.19073
1764945660,89956.0,89983.0,89808.0,89808.0,0.00494
1764945720,89814.0,89872.0,89814.0,89872.0,0.02749
1764945780,89965.0,89999.0,89930.0,89950.0,0.0036
1764945840,89942.0,89942.0,89912.0,89912.0,0.05858
1764945900,89971.0,90268.0,89183.0,90108.0,0.93208
1764945960,90161.0,90161.0,90018.0,90032.0,0.07468
1764946020,90125.0,90125.0,89895.0,89944.0,0.11768
1764946080,89841.0,89841.0,89841.0,89841.0,0.00339
1764946140,89813.0,89847.0,89771.0,89847.0,0.01223
1764946200,89844.0,89844.0,89837.0,89837.0,0.00162
1764946260,89816.0,89820.0,89675.0,89729.0,0.10318
1764946320,89723.0,89874.0,89701.0,89856.0,0.09776
1764946380,89983.0,89998.0,89935.0,89959.0,0.00631
1764946440,90000.0,90000.0,89984.0,89984.0,0.00172
1764946500,89902.0,89937.0,89902.0,89919.0,0.00566
1764946560,89921.0,89921.0,89921.0,89921.0,0.0006
1764946620,89932.0,89932.0,89932.0,89932.0,0.00107
1764946680,89948.0,89948.0,89948.0,89948.0,0.00166
1764946740,89945.0,90036.0,89945.0,89965.0,0.04541
1764946800,90012.0,90142.0,90012.0,90142.0,0.02239
1764946860,90187.0,90210.0,90142.0,90149.0,0.02942
1764946920,90277.0,90452.0,90277.0,90452.0,0.0078
1764946980,90457.0,90744.0,90457.0,90611.0,0.05345
1764947040,90552.0,90552.0,90455.0,90455.0,0.03458
1764947100,90552.0,91134.0,90552.0,91025.0,0.02809
1764947160,91020.0,91066.0,91000.0,91000.0,0.00726
1764947220,90971.0,90971.0,90892.0,90892.0,0.01426
1764947280,90728.0,90728.0,90645.0,90645.0,0.01172
1764947340,90727.0,90727.0,90727.0,90727.0,0.00073
1764947400,90727.0,90727.0,90727.0,90727.0,0.0
1764947460,90692.0,90696.0,90644.0,90665.0,0.0682
1764947520,90682.0,90721.0,90659.0,90709.0,0.01212
1764947580,90870.0,90870.0,90870.0,90870.0,0.00225
1764947640,90694.0,90720.0,90694.0,90720.0,0.0013
1764947700,90778.0,90778.0,90764.0,90767.0,0.0524
1764947760,90815.0,90815.0,90792.0,90792.0,0.01665
1764947820,90785.0,90803.0,90775.0,90775.0,0.0109
1764947880,90822.0,90822.0,90718.0,90718.0,0.50183
1764947940,90721.0,90727.0,90619.0,90684.0,0.01243
1764948000,90684.0,90684.0,90684.0,90684.0,0.0
1764948060,90715.0,90715.0,90667.0,90667.0,0.0004
1764948120,90732.0,90732.0,90732.0,90732.0,0.00076
1764948180,90798.0,90798.0,90798.0,90798.0,0.001
1764948240,90840.0,90879.0,90831.0,90879.0,0.02483
1764948300,90879.0,90879.0,90879.0,90879.0,0.0
1764948360,90812.0,90812.0,90812.0,90812.0,0.0008
1764948420,90742.0,90742.0,90742.0,90742.0,0.01102
1764948480,90742.0,90742.0,90742.0,90742.0,0.0
1764948540,90791.0,90791.0,90791.0,90791.0,0.00189
1764948600,90979.0,90979.0,90979.0,90979.0,0.00055
1764948660,90979.0,90979.0,90979.0,90979.0,0.0
1764948720,91017.0,91017.0,91017.0,91017.0,0.00334
1764948780,91080.0,91098.0,91043.0,91098.0,0.02066
1764948840,91002.0,91002.0,90997.0,90997.0,0.01029
1764948900,90997.0,90997.0,90997.0,90997.0,0.0
1764948960,90997.0,90997.0,90997.0,90997.0,0.0
1764949020,91031.0,91031.0,91031.0,91031.0,0.00027
1764949080,91009.0,91009.0,90973.0,90973.0,0.0004
1764949140,90973.0,90973.0,90973.0,90973.0,0.0
1764949200,90973.0,90973.0,90973.0,90973.0,0.0
1764949260,90803.0,90803.0,90649.0,90649.0,0.00614
1764949320,90649.0,90649.0,90649.0,90649.0,0.0
1764949380,90649.0,90649.0,90649.0,90649.0,0.0
1764949440,90649.0,90649.0,90649.0,90649.0,0.0
1764949500,90771.0,90771.0,90604.0,90604.0,0.08275
1764949560,90646.0,90650.0,90646.0,90650.0,0.04437
1764949620,90628.0,90628.0,90628.0,90628.0,0.001
1764949680,90595.0,90669.0,90595.0,90669.0,0.03712
1764949740,90681.0,90681.0,90681.0,90681.0,0.03123
1764949800,90819.0,90819.0,90819.0,90819.0,0.00107
1764949860,90819.0,90819.0,90819.0,90819.0,0.0
1764949920,90500.0,90521.0,90374.0,90374.0,0.04406
1764949980,90459.0,90473.0,90459.0,90473.0,0.02634
1764950040,90455.0,90469.0,90380.0,90469.0,0.00151
1764950100,90315.0,90315.0,90306.0,90306.0,0.00073
1764950160,90239.0,90283.0,90208.0,90283.0,0.06082
1764950220,90261.0,90263.0,90147.0,90227.0,0.00453
1764950280,90137.0,90137.0,90008.0,90008.0,0.0083
1764950340,90017.0,90231.0,90017.0,90231.0,0.06537
1764950400,90323.0,90366.0,90219.0,90219.0,0.0818
1764950460,90219.0,90219.0,90219.0,90219.0,0.0
1764950520,90168.0,90168.0,90168.0,90168.0,0.00017
1764950580,90050.0,90050.0,90027.0,90027.0,0.0017
1764950640,90078.0,90078.0,90078.0,90078.0,0.00017
1764950700,90000.0,90000.0,89845.0,89927.0,0.02428
1764950760,89862.0,89938.0,89861.0,89929.0,0.00508
1764950820,89821.0,89885.0,89324.0,89334.0,0.11141
1764950880,89500.0,89526.0,89381.0,89381.0,0.02246
1764950940,89440.0,89445.0,89338.0,89344.0,0.02875
1764951000,89441.0,89441.0,89293.0,89293.0,0.00138
1764951060,89293.0,89326.0,89293.0,89326.0,0.0144
1764951120,89363.0,89363.0,89130.0,89130.0,0.04995
1764951180,89160.0,89258.0,89152.0,89152.0,0.01135
1764951240,89155.0,89246.0,89155.0,89246.0,0.00262
1764951300,89207.0,89207.0,89133.0,89133.0,0.08534
1764951360,89179.0,89179.0,88831.0,88831.0,0.19752
1764951420,88900.0,88924.0,88580.0,88788.0,0.12399
1764951480,88808.0,89113.0,88808.0,89059.0,0.04168
1764951540,89071.0,89077.0,89071.0,89077.0,0.02524
1764951600,88978.0,89052.0,88978.0,89042.0,0.12401
1764951660,88952.0,88952.0,88952.0,88952.0,0.00017
1764951720,89131.0,89131.0,89131.0,89131.0,0.00186
1764951780,89077.0,89080.0,88998.0,88998.0,0.00459
1764951840,88997.0,88997.0,88801.0,88801.0,0.01773
1764951900,89046.0,89046.0,89011.0,89011.0,0.01328
1764951960,88989.0,88989.0,88989.0,88989.0,0.00398
1764952020,89028.0,89028.0,89028.0,89028.0,0.00017
1764952080,88896.0,88953.0,88896.0,88953.0,0.00539
1764952140,88902.0,88939.0,88888.0,88892.0,0.00166
1764952200,88901.0,88955.0,88812.0,88955.0,0.00921
1764952260,88925.0,88925.0,88772.0,88774.0,0.02851
1764952320,88834.0,88834.0,88577.0,88677.0,0.08897
1764952380,88694.0,88694.0,88694.0,88694.0,0.00746
1764952440,88667.0,88667.0,88502.0,88502.0,0.04614
1764952500,88675.0,88745.0,88675.0,88729.0,0.01156
1764952560,88617.0,88617.0,88617.0,88617.0,0.00205
1764952620,88547.0,88598.0,88537.0,88537.0,0.01173
1764952680,88599.0,88605.0,88503.0,88503.0,0.01264
1764952740,88559.0,88561.0,88180.0,88364.0,0.31641
1764952800,88426.0,88426.0,88279.0,88320.0,0.00866
1764952860,88304.0,88304.0,88118.0,88188.0,0.04702
1764952920,88188.0,88246.0,87835.0,88032.0,0.10266
1764952980,88056.0,88058.0,88045.0,88058.0,0.00288
1764953040,88058.0,88180.0,88058.0,88154.0,0.01514
1764953100,88214.0,88344.0,88209.0,88344.0,0.02962
1764953160,88349.0,88349.0,88225.0,88285.0,0.04147
1764953220,88280.0,88379.0,88274.0,88274.0,0.01542
1764953280,88342.0,88342.0,88200.0,88200.0,0.01907
1764953340,88170.0,88170.0,88095.0,88103.0,0.00258
1764953400,88103.0,88103.0,88103.0,88103.0,0.0
1764953460,88215.0,88215.0,88194.0,88194.0,0.04412
